#
# A fatal error has been detected by the Java Runtime Environment:
#
#  Internal Error (assembler_aarch64.hpp:267), pid=9500, tid=31491
#  guarantee(chk == -1 || chk == 0) failed: Field too big for insn
#
# JRE version: Java(TM) SE Runtime Environment (17.0.11+7) (build 17.0.11+7-LTS-207)
# Java VM: Java HotSpot(TM) 64-Bit Server VM (17.0.11+7-LTS-207, mixed mode, sharing, tiered, compressed oops, compressed class ptrs, parallel gc, bsd-aarch64)
# No core dump will be written. Core dumps have been disabled. To enable core dumping, try "ulimit -c unlimited" before starting Java again
#
# If you would like to submit a bug report, please visit:
#   https://bugreport.java.com/bugreport/crash.jsp
#

---------------  S U M M A R Y ------------

Command Line: --add-opens=java.base/java.lang=ALL-UNNAMED --add-opens=java.base/java.lang.invoke=ALL-UNNAMED --add-opens=java.base/java.util=ALL-UNNAMED --add-opens=java.prefs/java.util.prefs=ALL-UNNAMED --add-exports=jdk.compiler/com.sun.tools.javac.api=ALL-UNNAMED --add-exports=jdk.compiler/com.sun.tools.javac.util=ALL-UNNAMED --add-opens=java.base/java.util=ALL-UNNAMED --add-opens=java.prefs/java.util.prefs=ALL-UNNAMED --add-opens=java.base/java.nio.charset=ALL-UNNAMED --add-opens=java.base/java.net=ALL-UNNAMED --add-opens=java.base/java.util.concurrent.atomic=ALL-UNNAMED --add-opens=java.xml/javax.xml.namespace=ALL-UNNAMED -XX:+UseParallelGC -Xmx4g -Dfile.encoding=UTF-8 -Duser.country=CN -Duser.language=zh -Duser.variant -javaagent:/Users/chenweilun/.gradle/wrapper/dists/gradle-8.14.5-bin/690y85m0j9nfaub7xoiayko8a/gradle-8.14.5/lib/agents/gradle-instrumentation-agent-8.14.5.jar org.gradle.launcher.daemon.bootstrap.GradleDaemon 8.14.5

Host: "MacBookPro18,3" arm64 1 MHz, 10 cores, 32G, Darwin 25.6.0, macOS 26.6.2 (25G83)
Time: Sat Oct  3 21:57:32 2026 CST elapsed time: 24.248375 seconds (0d 0h 0m 24s)

---------------  T H R E A D  ---------------

Current thread (0x0000000155008200):  JavaThread "C1 CompilerThread0" daemon [_thread_in_native, id=31491, stack(0x00000001704ec000,0x00000001706ef000)]


Current CompileTask:
C1:  24248 28939 % !   3       org.jetbrains.uast.kotlin.FirKotlinUastResolveProviderService::getArgumentForParameter @ 2397 (2840 bytes)

Stack: [0x00000001704ec000,0x00000001706ef000],  sp=0x00000001706ed920,  free space=2054k
Native frames: (J=compiled Java code, j=interpreted, Vv=VM code, C=native code)
V  [libjvm.dylib+0x987574]  VMError::report_and_die(int, char const*, char const*, char*, Thread*, unsigned char*, void*, void*, char const*, int, unsigned long)+0x490
V  [libjvm.dylib+0x987cf8]  VMError::report_and_die(Thread*, void*, char const*, int, char const*, char const*, char*)+0x40
V  [libjvm.dylib+0x2c5570]  report_vm_error(char const*, int, char const*, char const*, ...)+0x78
V  [libjvm.dylib+0x7aa38]  Address::encode_pair(Instruction_aarch64*) const+0x128
V  [libjvm.dylib+0x7a77c]  Assembler::ld_st1(int, int, int, int, RegisterImpl*, RegisterImpl*, Address, bool)+0x20c
V  [libjvm.dylib+0x1a5948]  LIR_Assembler::osr_entry()+0x1e8
V  [libjvm.dylib+0x1a3818]  LIR_Assembler::emit_lir_list(LIR_List*)+0x9c
V  [libjvm.dylib+0x1a38c0]  LIR_Assembler::emit_code(BlockList*)+0x74
V  [libjvm.dylib+0x175a80]  Compilation::emit_code_body()+0xe0
V  [libjvm.dylib+0x176128]  Compilation::compile_java_method()+0x354
V  [libjvm.dylib+0x176360]  Compilation::compile_method()+0x124
V  [libjvm.dylib+0x1766f4]  Compilation::Compilation(AbstractCompiler*, ciEnv*, ciMethod*, int, BufferBlob*, bool, DirectiveSet*)+0x19c
V  [libjvm.dylib+0x177954]  Compiler::compile_method(ciEnv*, ciMethod*, int, bool, DirectiveSet*)+0x5c
V  [libjvm.dylib+0x2a0c34]  CompileBroker::invoke_compiler_on_method(CompileTask*)+0x440
V  [libjvm.dylib+0x2a06e0]  CompileBroker::compiler_thread_loop()+0x47c
V  [libjvm.dylib+0x91b5e0]  JavaThread::thread_main_inner()+0x148
V  [libjvm.dylib+0x919ec8]  Thread::call_run()+0x128
V  [libjvm.dylib+0x7ba520]  thread_native_entry(Thread*)+0x158
C  [libsystem_pthread.dylib+0x6c58]  _pthread_start+0x88


---------------  P R O C E S S  ---------------

Threads class SMR info:
_java_thread_list=0x00000001464ac9a0, length=205, elements={
0x0000000144008a00, 0x0000000153808c00, 0x0000000143811a00, 0x000000014481d800,
0x0000000144820000, 0x0000000144820600, 0x0000000144820c00, 0x0000000155008200,
0x000000015500d400, 0x0000000143817000, 0x00000001448d7e00, 0x0000000155031200,
0x0000000144947600, 0x00000001448d9400, 0x00000001442f8800, 0x0000000144075600,
0x0000000143d22e00, 0x0000000144a3c400, 0x00000001430e0a00, 0x0000000144480200,
0x0000000144b1c000, 0x0000000143f31000, 0x0000000143f32e00, 0x0000000143988000,
0x0000000155160e00, 0x0000000140acf800, 0x0000000140b17800, 0x000000012f71b800,
0x000000012f71be00, 0x000000012f80c000, 0x00000001412b4000, 0x00000001412b4600,
0x0000000153c54400, 0x0000000140b11600, 0x0000000140b11c00, 0x0000000140b12200,
0x0000000140b19e00, 0x000000012f68e400, 0x00000001544f1c00, 0x0000000143433a00,
0x00000001550d8400, 0x0000000140a70400, 0x000000012f197800, 0x000000012f5b1800,
0x0000000143423800, 0x0000000140b1a400, 0x0000000155335a00, 0x0000000143f32800,
0x000000012f808200, 0x00000001448dc000, 0x00000001412afa00, 0x0000000153f60200,
0x0000000153fff800, 0x0000000153c29400, 0x0000000153b22c00, 0x0000000153b26a00,
0x0000000153d02a00, 0x0000000143410c00, 0x000000012fc66000, 0x000000012fc51000,
0x000000012fc4fc00, 0x0000000153d03000, 0x0000000143efe800, 0x000000012f80c600,
0x0000000154721c00, 0x00000001544f2e00, 0x00000001544f3400, 0x000000014480da00,
0x0000000153ffb000, 0x0000000143021800, 0x0000000153f5ec00, 0x0000000153f5f200,
0x0000000153f5e400, 0x00000001432a8200, 0x00000001432a8800, 0x00000001433c8600,
0x00000001433c8c00, 0x0000000143415000, 0x0000000143415600, 0x0000000144a3a200,
0x000000012f37a400, 0x0000000144d90800, 0x0000000143f26000, 0x0000000143ee3400,
0x0000000143ee3a00, 0x0000000143efd200, 0x0000000143efd800, 0x0000000143efde00,
0x0000000143817600, 0x0000000143817c00, 0x00000001531c6200, 0x00000001530fe600,
0x00000001530fec00, 0x00000001530ff200, 0x0000000144d9ae00, 0x000000015317c800,
0x000000015317ce00, 0x0000000144d9d800, 0x000000015317d400, 0x0000000140a6ca00,
0x0000000153c53e00, 0x00000001432c5c00, 0x0000000141251800, 0x0000000141251e00,
0x0000000141252400, 0x0000000140b2fe00, 0x0000000141252a00, 0x000000014318e000,
0x0000000140b30400, 0x0000000143fff000, 0x0000000140985c00, 0x00000001531cd200,
0x0000000144d9be00, 0x0000000153c6f400, 0x0000000153c6fa00, 0x000000012f68ae00,
0x000000012f68b400, 0x000000012f68ca00, 0x000000012f68d000, 0x0000000153c70000,
0x00000001538abe00, 0x000000012f68de00, 0x0000000140b08c00, 0x00000001538a7a00,
0x00000001538afc00, 0x00000001538b0200, 0x000000012f68ba00, 0x00000001433c4c00,
0x00000001431bda00, 0x0000000141262000, 0x00000001531cd800, 0x0000000154584a00,
0x0000000154583200, 0x0000000154589a00, 0x0000000154583800, 0x000000015458a000,
0x00000001552c7600, 0x0000000154588000, 0x00000001531cbe00, 0x000000012f072a00,
0x00000001552c7000, 0x0000000140bcba00, 0x0000000140b05800, 0x00000001531bde00,
0x0000000140be3c00, 0x0000000140be4200, 0x0000000140be4800, 0x00000001531c1000,
0x00000001531be400, 0x0000000140be8e00, 0x000000012780aa00, 0x00000001431c6800,
0x0000000140bee200, 0x0000000140bee800, 0x00000001552c3400, 0x0000000140be3600,
0x0000000140be3000, 0x0000000140bed400, 0x0000000141279600, 0x0000000143416200,
0x0000000140beda00, 0x00000001433c5200, 0x0000000143416800, 0x0000000153c6ee00,
0x0000000143180e00, 0x00000001432c1c00, 0x00000001432c1600, 0x00000001431cc200,
0x0000000153ffc200, 0x0000000140bf6e00, 0x000000012f710800, 0x0000000153c6d000,
0x0000000153825400, 0x0000000153824e00, 0x00000001431d7800, 0x00000001531d2a00,
0x00000001553c1c00, 0x0000000140c01e00, 0x0000000140c09c00, 0x0000000153827600,
0x0000000153d05600, 0x0000000155400600, 0x0000000143415c00, 0x0000000143e36600,
0x00000001531cb800, 0x00000001550e9200, 0x000000015382b200, 0x00000001531e0800,
0x0000000153121e00, 0x0000000153191000, 0x0000000140c78e00, 0x0000000153d6d000,
0x000000012f11a000, 0x0000000153d6d600, 0x00000001544d7000, 0x0000000153d6c800,
0x0000000143178000, 0x0000000140c8a000, 0x0000000144e43a00, 0x0000000153fb8200,
0x0000000140d7fa00, 0x000000012f0ee600, 0x0000000140d70800, 0x0000000141156c00,
0x0000000140e07c00
}

Java Threads: ( => current thread )
  0x0000000144008a00 JavaThread "main" [_thread_blocked, id=5379, stack(0x000000016f168000,0x000000016f36b000)]
  0x0000000153808c00 JavaThread "Reference Handler" daemon [_thread_blocked, id=16899, stack(0x000000016f78c000,0x000000016f98f000)]
  0x0000000143811a00 JavaThread "Finalizer" daemon [_thread_blocked, id=20739, stack(0x000000016f998000,0x000000016fb9b000)]
  0x000000014481d800 JavaThread "Signal Dispatcher" daemon [_thread_blocked, id=19203, stack(0x000000016fcbc000,0x000000016febf000)]
  0x0000000144820000 JavaThread "Service Thread" daemon [_thread_blocked, id=32515, stack(0x000000016fec8000,0x00000001700cb000)]
  0x0000000144820600 JavaThread "Monitor Deflation Thread" daemon [_thread_blocked, id=32259, stack(0x00000001700d4000,0x00000001702d7000)]
  0x0000000144820c00 JavaThread "C2 CompilerThread0" daemon [_thread_in_native, id=31747, stack(0x00000001702e0000,0x00000001704e3000)]
=>0x0000000155008200 JavaThread "C1 CompilerThread0" daemon [_thread_in_native, id=31491, stack(0x00000001704ec000,0x00000001706ef000)]
  0x000000015500d400 JavaThread "Sweeper thread" daemon [_thread_blocked, id=30979, stack(0x00000001706f8000,0x00000001708fb000)]
  0x0000000143817000 JavaThread "Common-Cleaner" daemon [_thread_blocked, id=30467, stack(0x0000000170904000,0x0000000170b07000)]
  0x00000001448d7e00 JavaThread "Notification Thread" daemon [_thread_blocked, id=22531, stack(0x0000000170b10000,0x0000000170d13000)]
  0x0000000155031200 JavaThread "Daemon health stats" [_thread_blocked, id=23043, stack(0x0000000170f28000,0x000000017112b000)]
  0x0000000144947600 JavaThread "Incoming local TCP Connector on port 59413" [_thread_in_native, id=29187, stack(0x0000000171134000,0x0000000171337000)]
  0x00000001448d9400 JavaThread "Daemon periodic checks" [_thread_blocked, id=28931, stack(0x0000000171340000,0x0000000171543000)]
  0x00000001442f8800 JavaThread "Daemon" [_thread_blocked, id=23811, stack(0x000000017154c000,0x000000017174f000)]
  0x0000000144075600 JavaThread "Daemon worker" [_thread_blocked, id=28163, stack(0x0000000171b70000,0x0000000171d73000)]
  0x0000000143d22e00 JavaThread "Cache worker for journal cache (/Users/chenweilun/.gradle/caches/journal-1)" [_thread_blocked, id=41731, stack(0x0000000173400000,0x0000000173603000)]
  0x0000000144a3c400 JavaThread "File lock request listener" [_thread_in_native, id=34051, stack(0x000000017360c000,0x000000017380f000)]
  0x00000001430e0a00 JavaThread "Cache worker for file hash cache (/Users/chenweilun/.gradle/caches/8.14.5/fileHashes)" [_thread_blocked, id=34307, stack(0x0000000173818000,0x0000000173a1b000)]
  0x0000000144480200 JavaThread "File watcher server" daemon [_thread_in_native, id=40195, stack(0x0000000173e3c000,0x000000017403f000)]
  0x0000000144b1c000 JavaThread "File watcher consumer" daemon [_thread_blocked, id=34819, stack(0x0000000174048000,0x000000017424b000)]
  0x0000000143f31000 JavaThread "jar transforms" [_thread_blocked, id=39427, stack(0x0000000174254000,0x0000000174457000)]
  0x0000000143f32e00 JavaThread "jar transforms Thread 2" [_thread_blocked, id=38915, stack(0x0000000174460000,0x0000000174663000)]
  0x0000000143988000 JavaThread "Cache worker for file content cache (/Users/chenweilun/.gradle/caches/8.14.5/fileContent)" [_thread_blocked, id=35331, stack(0x0000000174878000,0x0000000174a7b000)]
  0x0000000155160e00 JavaThread "Memory manager" [_thread_blocked, id=50435, stack(0x0000000320c4c000,0x0000000320e4f000)]
  0x0000000140acf800 JavaThread "included builds" [_thread_blocked, id=57347, stack(0x000000032147c000,0x000000032167f000)]
  0x0000000140b17800 JavaThread "process reaper" daemon [_thread_in_native, id=72451, stack(0x000000016fc30000,0x000000016fc67000)]
  0x000000012f71b800 JavaThread "RMI Scheduler(0)" daemon [_thread_blocked, id=36627, stack(0x00000001750a8000,0x00000001752ab000)]
  0x000000012f71be00 JavaThread "RMI GC Daemon" daemon [_thread_blocked, id=72723, stack(0x000000032a7a8000,0x000000032a9ab000)]
  0x000000012f80c000 JavaThread "RMI TCP Accept-0" daemon [_thread_in_native, id=78083, stack(0x000000032a9b4000,0x000000032abb7000)]
  0x00000001412b4000 JavaThread "RMI Reaper" [_thread_blocked, id=72963, stack(0x000000032abc0000,0x000000032adc3000)]
  0x00000001412b4600 JavaThread "RMI TCP Connection(1)-127.0.0.1" daemon [_thread_in_native, id=73219, stack(0x000000032adcc000,0x000000032afcf000)]
  0x0000000153c54400 JavaThread "jar transforms Thread 3" [_thread_blocked, id=73987, stack(0x000000032b5fc000,0x000000032b7ff000)]
  0x0000000140b11600 JavaThread "jar transforms Thread 4" [_thread_blocked, id=74243, stack(0x000000032b808000,0x000000032ba0b000)]
  0x0000000140b11c00 JavaThread "jar transforms Thread 5" [_thread_blocked, id=75779, stack(0x000000032ba14000,0x000000032bc17000)]
  0x0000000140b12200 JavaThread "jar transforms Thread 6" [_thread_blocked, id=75267, stack(0x000000032bc20000,0x000000032be23000)]
  0x0000000140b19e00 JavaThread "jar transforms Thread 7" [_thread_blocked, id=74755, stack(0x000000032be2c000,0x000000032c02f000)]
  0x000000012f68e400 JavaThread "VFS cleanup" [_thread_blocked, id=24839, stack(0x0000000171d7c000,0x0000000171f7f000)]
  0x00000001544f1c00 JavaThread "Handler for socket connection from /127.0.0.1:59413 to /127.0.0.1:59562" [_thread_in_native, id=28691, stack(0x0000000171758000,0x000000017195b000)]
  0x0000000143433a00 JavaThread "Cancel handler" [_thread_blocked, id=36371, stack(0x0000000171964000,0x0000000171b67000)]
  0x00000001550d8400 JavaThread "Asynchronous log dispatcher for DefaultDaemonConnection: socket connection from /127.0.0.1:59413 to /127.0.0.1:59562" [_thread_blocked, id=28423, stack(0x0000000171f88000,0x000000017218b000)]
  0x0000000140a70400 JavaThread "Stdin handler" [_thread_blocked, id=25103, stack(0x0000000172194000,0x0000000172397000)]
  0x000000012f197800 JavaThread "Daemon client event forwarder" [_thread_blocked, id=25619, stack(0x0000000173a24000,0x0000000173c27000)]
  0x000000012f5b1800 JavaThread "Cache worker for file hash cache (/Users/chenweilun/Workspace/WisdomDesign/android/.gradle/8.14.5/fileHashes)" [_thread_blocked, id=63251, stack(0x0000000173c30000,0x0000000173e33000)]
  0x0000000143423800 JavaThread "Cache worker for Build Output Cleanup Cache (/Users/chenweilun/Workspace/WisdomDesign/android/.gradle/buildOutputCleanup)" [_thread_blocked, id=45063, stack(0x000000017466c000,0x000000017486f000)]
  0x0000000140b1a400 JavaThread "Cache worker for checksums cache (/Users/chenweilun/Workspace/WisdomDesign/android/.gradle/8.14.5/checksums)" [_thread_blocked, id=47367, stack(0x0000000174a84000,0x0000000174c87000)]
  0x0000000155335a00 JavaThread "Cache worker for cache directory md-supplier (/Users/chenweilun/.gradle/caches/8.14.5/md-supplier)" [_thread_blocked, id=86799, stack(0x0000000174c90000,0x0000000174e93000)]
  0x0000000143f32800 JavaThread "Cache worker for cache directory md-rule (/Users/chenweilun/.gradle/caches/8.14.5/md-rule)" [_thread_blocked, id=65799, stack(0x0000000174e9c000,0x000000017509f000)]
  0x000000012f808200 JavaThread "Problems report writer" [_thread_blocked, id=69139, stack(0x00000001752b4000,0x00000001754b7000)]
  0x00000001448dc000 JavaThread "Unconstrained build operations" [_thread_blocked, id=62475, stack(0x00000001754c0000,0x00000001756c3000)]
  0x00000001412afa00 JavaThread "Unconstrained build operations Thread 2" [_thread_blocked, id=70667, stack(0x00000001756cc000,0x00000001758cf000)]
  0x0000000153f60200 JavaThread "Unconstrained build operations Thread 3" [_thread_blocked, id=81939, stack(0x00000001758d8000,0x0000000175adb000)]
  0x0000000153fff800 JavaThread "Unconstrained build operations Thread 4" [_thread_blocked, id=79879, stack(0x0000000175ae4000,0x0000000175ce7000)]
  0x0000000153c29400 JavaThread "Unconstrained build operations Thread 5" [_thread_blocked, id=60683, stack(0x0000000175cf0000,0x0000000175ef3000)]
  0x0000000153b22c00 JavaThread "Unconstrained build operations Thread 6" [_thread_blocked, id=44043, stack(0x0000000175efc000,0x00000001760ff000)]
  0x0000000153b26a00 JavaThread "Unconstrained build operations Thread 7" [_thread_blocked, id=45583, stack(0x0000000176108000,0x000000017630b000)]
  0x0000000153d02a00 JavaThread "Unconstrained build operations Thread 8" [_thread_blocked, id=46087, stack(0x0000000176314000,0x0000000176517000)]
  0x0000000143410c00 JavaThread "Unconstrained build operations Thread 9" [_thread_blocked, id=79623, stack(0x0000000176520000,0x0000000176723000)]
  0x000000012fc66000 JavaThread "Unconstrained build operations Thread 10" [_thread_blocked, id=79379, stack(0x000000017672c000,0x000000017692f000)]
  0x000000012fc51000 JavaThread "Unconstrained build operations Thread 11" [_thread_blocked, id=49683, stack(0x0000000176938000,0x0000000176b3b000)]
  0x000000012fc4fc00 JavaThread "Unconstrained build operations Thread 12" [_thread_blocked, id=73487, stack(0x0000000176b44000,0x0000000176d47000)]
  0x0000000153d03000 JavaThread "Unconstrained build operations Thread 13" [_thread_blocked, id=83463, stack(0x0000000176d50000,0x0000000176f53000)]
  0x0000000143efe800 JavaThread "Unconstrained build operations Thread 14" [_thread_blocked, id=81427, stack(0x0000000176f5c000,0x000000017715f000)]
  0x000000012f80c600 JavaThread "Unconstrained build operations Thread 15" [_thread_blocked, id=81171, stack(0x0000000177168000,0x000000017736b000)]
  0x0000000154721c00 JavaThread "Unconstrained build operations Thread 16" [_thread_blocked, id=61191, stack(0x0000000177374000,0x0000000177577000)]
  0x00000001544f2e00 JavaThread "Unconstrained build operations Thread 17" [_thread_blocked, id=60431, stack(0x0000000177580000,0x0000000177783000)]
  0x00000001544f3400 JavaThread "Unconstrained build operations Thread 18" [_thread_blocked, id=48403, stack(0x000000017778c000,0x000000017798f000)]
  0x000000014480da00 JavaThread "build event listener" [_thread_blocked, id=61959, stack(0x0000000177998000,0x0000000177b9b000)]
  0x0000000153ffb000 JavaThread "build event listener" [_thread_blocked, id=62227, stack(0x0000000177ba4000,0x0000000177da7000)]
  0x0000000143021800 JavaThread "build event listener" [_thread_blocked, id=49423, stack(0x0000000177db0000,0x0000000177fb3000)]
  0x0000000153f5ec00 JavaThread "included builds" [_thread_blocked, id=82955, stack(0x0000000320004000,0x0000000320207000)]
  0x0000000153f5f200 JavaThread "Execution worker" [_thread_blocked, id=59667, stack(0x0000000320210000,0x0000000320413000)]
  0x0000000153f5e400 JavaThread "Execution worker Thread 2" [_thread_blocked, id=64011, stack(0x000000032041c000,0x000000032061f000)]
  0x00000001432a8200 JavaThread "Execution worker Thread 3" [_thread_blocked, id=71187, stack(0x0000000320628000,0x000000032082b000)]
  0x00000001432a8800 JavaThread "Execution worker Thread 4" [_thread_blocked, id=44299, stack(0x0000000320834000,0x0000000320a37000)]
  0x00000001433c8600 JavaThread "Execution worker Thread 5" [_thread_blocked, id=84495, stack(0x0000000320a40000,0x0000000320c43000)]
  0x00000001433c8c00 JavaThread "Execution worker Thread 6" [_thread_blocked, id=48655, stack(0x0000000320e58000,0x000000032105b000)]
  0x0000000143415000 JavaThread "Execution worker Thread 7" [_thread_blocked, id=49935, stack(0x0000000321064000,0x0000000321267000)]
  0x0000000143415600 JavaThread "Execution worker Thread 8" [_thread_blocked, id=50187, stack(0x0000000321270000,0x0000000321473000)]
  0x0000000144a3a200 JavaThread "Execution worker Thread 9" [_thread_blocked, id=84755, stack(0x0000000321688000,0x000000032188b000)]
  0x000000012f37a400 JavaThread "Cache worker for execution history cache (/Users/chenweilun/Workspace/WisdomDesign/android/.gradle/8.14.5/executionHistory)" [_thread_blocked, id=59147, stack(0x0000000321894000,0x0000000321a97000)]
  0x0000000144d90800 JavaThread "Unconstrained build operations Thread 19" [_thread_blocked, id=70919, stack(0x0000000321aa0000,0x0000000321ca3000)]
  0x0000000143f26000 JavaThread "Unconstrained build operations Thread 20" [_thread_blocked, id=67083, stack(0x0000000321cac000,0x0000000321eaf000)]
  0x0000000143ee3400 JavaThread "Unconstrained build operations Thread 21" [_thread_blocked, id=67595, stack(0x0000000326004000,0x0000000326207000)]
  0x0000000143ee3a00 JavaThread "Unconstrained build operations Thread 22" [_thread_blocked, id=45319, stack(0x0000000326210000,0x0000000326413000)]
  0x0000000143efd200 JavaThread "Unconstrained build operations Thread 23" [_thread_blocked, id=86035, stack(0x000000032641c000,0x000000032661f000)]
  0x0000000143efd800 JavaThread "Unconstrained build operations Thread 24" [_thread_blocked, id=71691, stack(0x0000000326628000,0x000000032682b000)]
  0x0000000143efde00 JavaThread "Unconstrained build operations Thread 25" [_thread_blocked, id=66319, stack(0x0000000326834000,0x0000000326a37000)]
  0x0000000143817600 JavaThread "Unconstrained build operations Thread 26" [_thread_blocked, id=65043, stack(0x0000000326a40000,0x0000000326c43000)]
  0x0000000143817c00 JavaThread "Unconstrained build operations Thread 27" [_thread_blocked, id=60167, stack(0x0000000326c4c000,0x0000000326e4f000)]
  0x00000001531c6200 JavaThread "Unconstrained build operations Thread 28" [_thread_blocked, id=85259, stack(0x0000000326e58000,0x000000032705b000)]
  0x00000001530fe600 JavaThread "Unconstrained build operations Thread 29" [_thread_blocked, id=76307, stack(0x0000000327064000,0x0000000327267000)]
  0x00000001530fec00 JavaThread "Unconstrained build operations Thread 30" [_thread_blocked, id=69647, stack(0x0000000327270000,0x0000000327473000)]
  0x00000001530ff200 JavaThread "Unconstrained build operations Thread 31" [_thread_blocked, id=44555, stack(0x000000032747c000,0x000000032767f000)]
  0x0000000144d9ae00 JavaThread "Unconstrained build operations Thread 32" [_thread_blocked, id=61707, stack(0x0000000327688000,0x000000032788b000)]
  0x000000015317c800 JavaThread "Unconstrained build operations Thread 33" [_thread_blocked, id=76807, stack(0x0000000327894000,0x0000000327a97000)]
  0x000000015317ce00 JavaThread "Unconstrained build operations Thread 34" [_thread_blocked, id=83975, stack(0x0000000327aa0000,0x0000000327ca3000)]
  0x0000000144d9d800 JavaThread "Unconstrained build operations Thread 35" [_thread_blocked, id=68619, stack(0x0000000327cac000,0x0000000327eaf000)]
  0x000000015317d400 JavaThread "Unconstrained build operations Thread 36" [_thread_blocked, id=66571, stack(0x0000000327eb8000,0x00000003280bb000)]
  0x0000000140a6ca00 JavaThread "Unconstrained build operations Thread 37" [_thread_blocked, id=68371, stack(0x00000003280c4000,0x00000003282c7000)]
  0x0000000153c53e00 JavaThread "Unconstrained build operations Thread 38" [_thread_blocked, id=67343, stack(0x00000003282d0000,0x00000003284d3000)]
  0x00000001432c5c00 JavaThread "Unconstrained build operations Thread 39" [_thread_blocked, id=79115, stack(0x00000003284dc000,0x00000003286df000)]
  0x0000000141251800 JavaThread "Unconstrained build operations Thread 40" [_thread_blocked, id=130827, stack(0x00000003286e8000,0x00000003288eb000)]
  0x0000000141251e00 JavaThread "Unconstrained build operations Thread 41" [_thread_blocked, id=35087, stack(0x00000003288f4000,0x0000000328af7000)]
  0x0000000141252400 JavaThread "Unconstrained build operations Thread 42" [_thread_blocked, id=34567, stack(0x0000000328b00000,0x0000000328d03000)]
  0x0000000140b2fe00 JavaThread "Unconstrained build operations Thread 43" [_thread_blocked, id=55059, stack(0x0000000328d0c000,0x0000000328f0f000)]
  0x0000000141252a00 JavaThread "Unconstrained build operations Thread 44" [_thread_blocked, id=56847, stack(0x0000000328f18000,0x000000032911b000)]
  0x000000014318e000 JavaThread "Unconstrained build operations Thread 45" [_thread_blocked, id=54791, stack(0x0000000329124000,0x0000000329327000)]
  0x0000000140b30400 JavaThread "Unconstrained build operations Thread 46" [_thread_blocked, id=54535, stack(0x0000000329330000,0x0000000329533000)]
  0x0000000143fff000 JavaThread "Unconstrained build operations Thread 47" [_thread_blocked, id=56083, stack(0x000000032953c000,0x000000032973f000)]
  0x0000000140985c00 JavaThread "WorkerExecutor Queue" [_thread_blocked, id=51463, stack(0x0000000329748000,0x000000032994b000)]
  0x00000001531cd200 JavaThread "RMI TCP Connection(2)-127.0.0.1" daemon [_thread_in_native, id=55571, stack(0x0000000329b60000,0x0000000329d63000)]
  0x0000000144d9be00 JavaThread "Unconstrained build operations Thread 48" [_thread_blocked, id=52243, stack(0x0000000329d6c000,0x0000000329f6f000)]
  0x0000000153c6f400 JavaThread "Unconstrained build operations Thread 49" [_thread_blocked, id=52495, stack(0x0000000329f78000,0x000000032a17b000)]
  0x0000000153c6fa00 JavaThread "Unconstrained build operations Thread 50" [_thread_blocked, id=37387, stack(0x000000032a184000,0x000000032a387000)]
  0x000000012f68ae00 JavaThread "Unconstrained build operations Thread 51" [_thread_blocked, id=54291, stack(0x000000032a390000,0x000000032a593000)]
  0x000000012f68b400 JavaThread "Unconstrained build operations Thread 52" [_thread_blocked, id=40467, stack(0x000000032a59c000,0x000000032a79f000)]
  0x000000012f68ca00 JavaThread "Unconstrained build operations Thread 53" [_thread_blocked, id=37643, stack(0x000000032afd8000,0x000000032b1db000)]
  0x000000012f68d000 JavaThread "Unconstrained build operations Thread 54" [_thread_blocked, id=35847, stack(0x000000032b1e4000,0x000000032b3e7000)]
  0x0000000153c70000 JavaThread "Unconstrained build operations Thread 55" [_thread_blocked, id=57615, stack(0x000000032b3f0000,0x000000032b5f3000)]
  0x00000001538abe00 JavaThread "Unconstrained build operations Thread 56" [_thread_blocked, id=50951, stack(0x000000032c038000,0x000000032c23b000)]
  0x000000012f68de00 JavaThread "Unconstrained build operations Thread 57" [_thread_blocked, id=50699, stack(0x000000032c244000,0x000000032c447000)]
  0x0000000140b08c00 JavaThread "Unconstrained build operations Thread 58" [_thread_blocked, id=130563, stack(0x000000032c450000,0x000000032c653000)]
  0x00000001538a7a00 JavaThread "Unconstrained build operations Thread 59" [_thread_blocked, id=130307, stack(0x000000032c65c000,0x000000032c85f000)]
  0x00000001538afc00 JavaThread "Unconstrained build operations Thread 60" [_thread_blocked, id=88579, stack(0x000000032c868000,0x000000032ca6b000)]
  0x00000001538b0200 JavaThread "Unconstrained build operations Thread 61" [_thread_blocked, id=129795, stack(0x000000032ca74000,0x000000032cc77000)]
  0x000000012f68ba00 JavaThread "Unconstrained build operations Thread 62" [_thread_blocked, id=89091, stack(0x000000032cc80000,0x000000032ce83000)]
  0x00000001433c4c00 JavaThread "Unconstrained build operations Thread 63" [_thread_blocked, id=129539, stack(0x000000032ce8c000,0x000000032d08f000)]
  0x00000001431bda00 JavaThread "Unconstrained build operations Thread 64" [_thread_blocked, id=129283, stack(0x000000032d098000,0x000000032d29b000)]
  0x0000000141262000 JavaThread "Unconstrained build operations Thread 65" [_thread_blocked, id=128771, stack(0x000000032d2a4000,0x000000032d4a7000)]
  0x00000001531cd800 JavaThread "Unconstrained build operations Thread 66" [_thread_blocked, id=128259, stack(0x000000032d4b0000,0x000000032d6b3000)]
  0x0000000154584a00 JavaThread "Unconstrained build operations Thread 67" [_thread_blocked, id=128003, stack(0x000000032d6bc000,0x000000032d8bf000)]
  0x0000000154583200 JavaThread "Unconstrained build operations Thread 68" [_thread_blocked, id=127491, stack(0x000000032d8c8000,0x000000032dacb000)]
  0x0000000154589a00 JavaThread "Unconstrained build operations Thread 69" [_thread_blocked, id=90371, stack(0x000000032dad4000,0x000000032dcd7000)]
  0x0000000154583800 JavaThread "Unconstrained build operations Thread 70" [_thread_blocked, id=127235, stack(0x000000032dce0000,0x000000032dee3000)]
  0x000000015458a000 JavaThread "Unconstrained build operations Thread 71" [_thread_blocked, id=126979, stack(0x000000032deec000,0x000000032e0ef000)]
  0x00000001552c7600 JavaThread "Unconstrained build operations Thread 72" [_thread_blocked, id=91395, stack(0x000000032e0f8000,0x000000032e2fb000)]
  0x0000000154588000 JavaThread "Unconstrained build operations Thread 73" [_thread_blocked, id=91651, stack(0x000000032e304000,0x000000032e507000)]
  0x00000001531cbe00 JavaThread "Unconstrained build operations Thread 74" [_thread_blocked, id=126211, stack(0x000000032e510000,0x000000032e713000)]
  0x000000012f072a00 JavaThread "Unconstrained build operations Thread 75" [_thread_blocked, id=91907, stack(0x000000032e71c000,0x000000032e91f000)]
  0x00000001552c7000 JavaThread "Unconstrained build operations Thread 76" [_thread_blocked, id=125699, stack(0x000000032e928000,0x000000032eb2b000)]
  0x0000000140bcba00 JavaThread "Unconstrained build operations Thread 77" [_thread_blocked, id=125187, stack(0x000000032eb34000,0x000000032ed37000)]
  0x0000000140b05800 JavaThread "Unconstrained build operations Thread 78" [_thread_blocked, id=92675, stack(0x000000032ed40000,0x000000032ef43000)]
  0x00000001531bde00 JavaThread "Unconstrained build operations Thread 79" [_thread_blocked, id=93187, stack(0x000000032ef4c000,0x000000032f14f000)]
  0x0000000140be3c00 JavaThread "Unconstrained build operations Thread 80" [_thread_blocked, id=93699, stack(0x000000032f158000,0x000000032f35b000)]
  0x0000000140be4200 JavaThread "Unconstrained build operations Thread 81" [_thread_blocked, id=124931, stack(0x000000032f364000,0x000000032f567000)]
  0x0000000140be4800 JavaThread "Unconstrained build operations Thread 82" [_thread_blocked, id=94467, stack(0x000000032f570000,0x000000032f773000)]
  0x00000001531c1000 JavaThread "Unconstrained build operations Thread 83" [_thread_blocked, id=124675, stack(0x000000032f77c000,0x000000032f97f000)]
  0x00000001531be400 JavaThread "Unconstrained build operations Thread 84" [_thread_blocked, id=124163, stack(0x000000032f988000,0x000000032fb8b000)]
  0x0000000140be8e00 JavaThread "Unconstrained build operations Thread 85" [_thread_blocked, id=94979, stack(0x000000032fb94000,0x000000032fd97000)]
  0x000000012780aa00 JavaThread "Unconstrained build operations Thread 86" [_thread_blocked, id=123395, stack(0x000000032fda0000,0x000000032ffa3000)]
  0x00000001431c6800 JavaThread "Unconstrained build operations Thread 87" [_thread_blocked, id=95491, stack(0x000000032ffac000,0x00000003301af000)]
  0x0000000140bee200 JavaThread "WorkerExecutor Queue Thread 2" [_thread_blocked, id=95747, stack(0x00000003301b8000,0x00000003303bb000)]
  0x0000000140bee800 JavaThread "WorkerExecutor Queue Thread 3" [_thread_blocked, id=96003, stack(0x00000003303c4000,0x00000003305c7000)]
  0x00000001552c3400 JavaThread "Unconstrained build operations Thread 88" [_thread_blocked, id=96515, stack(0x00000003305d0000,0x00000003307d3000)]
  0x0000000140be3600 JavaThread "Unconstrained build operations Thread 89" [_thread_blocked, id=96771, stack(0x00000003307dc000,0x00000003309df000)]
  0x0000000140be3000 JavaThread "Unconstrained build operations Thread 90" [_thread_blocked, id=97283, stack(0x00000003309e8000,0x0000000330beb000)]
  0x0000000140bed400 JavaThread "Unconstrained build operations Thread 91" [_thread_blocked, id=97539, stack(0x0000000330bf4000,0x0000000330df7000)]
  0x0000000141279600 JavaThread "Unconstrained build operations Thread 92" [_thread_blocked, id=121859, stack(0x0000000330e00000,0x0000000331003000)]
  0x0000000143416200 JavaThread "Unconstrained build operations Thread 93" [_thread_blocked, id=121603, stack(0x000000033100c000,0x000000033120f000)]
  0x0000000140beda00 JavaThread "pool-4-thread-1" [_thread_blocked, id=121091, stack(0x0000000331218000,0x000000033141b000)]
  0x00000001433c5200 JavaThread "WorkerExecutor Queue Thread 4" [_thread_blocked, id=98051, stack(0x0000000331424000,0x0000000331627000)]
  0x0000000143416800 JavaThread "RMI TCP Connection(3)-127.0.0.1" daemon [_thread_in_native, id=120323, stack(0x000000033183c000,0x0000000331a3f000)]
  0x0000000153c6ee00 JavaThread "Unconstrained build operations Thread 94" [_thread_blocked, id=119811, stack(0x0000000331a48000,0x0000000331c4b000)]
  0x0000000143180e00 JavaThread "Unconstrained build operations Thread 95" [_thread_blocked, id=98819, stack(0x0000000331c54000,0x0000000331e57000)]
  0x00000001432c1c00 JavaThread "Unconstrained build operations Thread 96" [_thread_blocked, id=99075, stack(0x0000000331e60000,0x0000000332063000)]
  0x00000001432c1600 JavaThread "Unconstrained build operations Thread 97" [_thread_blocked, id=118787, stack(0x000000033206c000,0x000000033226f000)]
  0x00000001431cc200 JavaThread "Unconstrained build operations Thread 98" [_thread_blocked, id=118531, stack(0x0000000332278000,0x000000033247b000)]
  0x0000000153ffc200 JavaThread "Unconstrained build operations Thread 99" [_thread_blocked, id=118019, stack(0x0000000332484000,0x0000000332687000)]
  0x0000000140bf6e00 JavaThread "Unconstrained build operations Thread 100" [_thread_blocked, id=117507, stack(0x0000000332690000,0x0000000332893000)]
  0x000000012f710800 JavaThread "Exec process" [_thread_blocked, id=116227, stack(0x0000000332ec0000,0x00000003330c3000)]
  0x0000000153c6d000 JavaThread "process reaper" daemon [_thread_blocked, id=115715, stack(0x000000016fc70000,0x000000016fca7000)]
  0x0000000153825400 JavaThread "Exec process Thread 2" [_thread_blocked, id=114691, stack(0x00000003332d8000,0x00000003334db000)]
  0x0000000153824e00 JavaThread "Exec process Thread 3" [_thread_blocked, id=114179, stack(0x00000003334e4000,0x00000003336e7000)]
  0x00000001431d7800 JavaThread "Exec process Thread 4" [_thread_blocked, id=113923, stack(0x00000003336f0000,0x00000003338f3000)]
  0x00000001531d2a00 JavaThread "Build operations" [_thread_blocked, id=117267, stack(0x000000033289c000,0x0000000332a9f000)]
  0x00000001553c1c00 JavaThread "Build operations Thread 2" [_thread_blocked, id=117011, stack(0x0000000332aa8000,0x0000000332cab000)]
  0x0000000140c01e00 JavaThread "Build operations Thread 3" [_thread_blocked, id=100107, stack(0x0000000332cb4000,0x0000000332eb7000)]
  0x0000000140c09c00 JavaThread "Build operations Thread 4" [_thread_blocked, id=113167, stack(0x00000003330cc000,0x00000003332cf000)]
  0x0000000153827600 JavaThread "WorkerExecutor Queue Thread 5" [_thread_in_Java, id=112647, stack(0x00000003338fc000,0x0000000333aff000)]
  0x0000000153d05600 JavaThread "WorkerExecutor Queue Thread 6" [_thread_blocked, id=100627, stack(0x0000000333b08000,0x0000000333d0b000)]
  0x0000000155400600 JavaThread "WorkerExecutor Queue Thread 7" [_thread_blocked, id=113419, stack(0x0000000333d14000,0x0000000333f17000)]
  0x0000000143415c00 JavaThread "WorkerExecutor Queue Thread 8" [_thread_blocked, id=54035, stack(0x0000000329954000,0x0000000329b57000)]
  0x0000000143e36600 JavaThread "WorkerExecutor Queue Thread 9" [_thread_blocked, id=98319, stack(0x0000000331630000,0x0000000331833000)]
  0x00000001531cb800 JavaThread "WorkerExecutor Queue Thread 10" [_thread_blocked, id=112387, stack(0x0000000333f20000,0x0000000334123000)]
  0x00000001550e9200 JavaThread "RMI TCP Connection(4)-127.0.0.1" daemon [_thread_in_native, id=101635, stack(0x0000000334338000,0x000000033453b000)]
  0x000000015382b200 JavaThread "Build operations Thread 5" [_thread_blocked, id=111891, stack(0x0000000334544000,0x0000000334747000)]
  0x00000001531e0800 JavaThread "Build operations Thread 6" [_thread_blocked, id=111623, stack(0x0000000334750000,0x0000000334953000)]
  0x0000000153121e00 JavaThread "Build operations Thread 7" [_thread_blocked, id=102415, stack(0x000000033495c000,0x0000000334b5f000)]
  0x0000000153191000 JavaThread "Build operations Thread 8" [_thread_blocked, id=110087, stack(0x0000000334b68000,0x0000000334d6b000)]
  0x0000000140c78e00 JavaThread "AppKit Thread" daemon [_thread_in_native, id=259, stack(0x000000016e8e0000,0x000000016f0dc000)]
  0x0000000153d6d000 JavaThread "DefaultDispatcher-worker-1" daemon [_thread_blocked, id=104451, stack(0x000000033518c000,0x000000033538f000)]
  0x000000012f11a000 JavaThread "DefaultDispatcher-worker-2" daemon [_thread_blocked, id=108803, stack(0x0000000335398000,0x000000033559b000)]
  0x0000000153d6d600 JavaThread "DefaultDispatcher-worker-3" daemon [_thread_blocked, id=104963, stack(0x00000003355a4000,0x00000003357a7000)]
  0x00000001544d7000 JavaThread "DefaultDispatcher-worker-4" daemon [_thread_blocked, id=108035, stack(0x00000003357b0000,0x00000003359b3000)]
  0x0000000153d6c800 JavaThread "DefaultDispatcher-worker-5" daemon [_thread_blocked, id=107779, stack(0x00000003359bc000,0x0000000335bbf000)]
  0x0000000143178000 JavaThread "DefaultDispatcher-worker-6" daemon [_thread_blocked, id=105731, stack(0x0000000335bc8000,0x0000000335dcb000)]
  0x0000000140c8a000 JavaThread "DefaultDispatcher-worker-7" daemon [_thread_blocked, id=105987, stack(0x0000000335dd4000,0x0000000335fd7000)]
  0x0000000144e43a00 JavaThread "DefaultDispatcher-worker-8" daemon [_thread_blocked, id=106499, stack(0x000000033a004000,0x000000033a207000)]
  0x0000000153fb8200 JavaThread "DefaultDispatcher-worker-9" daemon [_thread_blocked, id=107011, stack(0x000000033a210000,0x000000033a413000)]
  0x0000000140d7fa00 JavaThread "Periodic tasks thread" daemon [_thread_blocked, id=109063, stack(0x000000033412c000,0x000000033432f000)]
  0x000000012f0ee600 JavaThread "ApplicationImpl pooled thread 1" [_thread_blocked, id=109323, stack(0x0000000334d74000,0x0000000334f77000)]
  0x0000000140d70800 JavaThread "ForkJoinPool.commonPool-worker-2" daemon [_thread_blocked, id=101387, stack(0x0000000334f80000,0x0000000335183000)]
  0x0000000141156c00 JavaThread "ForkJoinPool.commonPool-worker-1" daemon [_thread_blocked, id=131075, stack(0x000000033a41c000,0x000000033a61f000)]
  0x0000000140e07c00 JavaThread "ForkJoinPool.commonPool-worker-3" daemon [_thread_blocked, id=131587, stack(0x000000033a628000,0x000000033a82b000)]

Other Threads:
  0x0000000142f10120 VMThread "VM Thread" [stack: 0x000000016f580000,0x000000016f783000] [id=21507]
  0x000000015490fb00 WatcherThread [stack: 0x0000000170d1c000,0x0000000170f1f000] [id=29699]
  0x0000000154a0efc0 GCTaskThread "GC Thread#0" [stack: 0x000000016f374000,0x000000016f577000] [id=13827]
  0x0000000154b56820 GCTaskThread "GC Thread#1" [stack: 0x00000001723a0000,0x00000001725a3000] [id=27395]
  0x0000000142eb7540 GCTaskThread "GC Thread#2" [stack: 0x00000001725ac000,0x00000001727af000] [id=27139]
  0x0000000142eb7da0 GCTaskThread "GC Thread#3" [stack: 0x00000001727b8000,0x00000001729bb000] [id=26627]
  0x0000000142eb8640 GCTaskThread "GC Thread#4" [stack: 0x00000001729c4000,0x0000000172bc7000] [id=32771]
  0x0000000154b57060 GCTaskThread "GC Thread#5" [stack: 0x0000000172bd0000,0x0000000172dd3000] [id=33027]
  0x0000000154b57900 GCTaskThread "GC Thread#6" [stack: 0x0000000172ddc000,0x0000000172fdf000] [id=33283]
  0x0000000142eb8f50 GCTaskThread "GC Thread#7" [stack: 0x0000000172fe8000,0x00000001731eb000] [id=42755]
  0x0000000142eb9be0 GCTaskThread "GC Thread#8" [stack: 0x00000001731f4000,0x00000001733f7000] [id=42243]

Threads with active compile tasks:
C2 CompilerThread0    24258 28908       4       org.jetbrains.kotlin.analysis.api.fir.symbols.KaFirSymbolProvider::getSymbol (321 bytes)
C1 CompilerThread0    24258 28939 % !   3       org.jetbrains.uast.kotlin.FirKotlinUastResolveProviderService::getArgumentForParameter @ 2397 (2840 bytes)

VM state: not at safepoint (normal execution)

VM Mutex/Monitor currently owned by a thread: None

Heap address: 0x0000000700000000, size: 4096 MB, Compressed Oops mode: Zero based, Oop shift amount: 3

CDS archive(s) mapped at: [0x000000c000000000-0x000000c000be0000-0x000000c000be0000), size 12451840, SharedBaseAddress: 0x000000c000000000, ArchiveRelocationMode: 1.
Compressed class space mapped at: 0x000000c001000000-0x000000c041000000, reserved size: 1073741824
Narrow klass base: 0x000000c000000000, Narrow klass shift: 0, Narrow klass range: 0x100000000

GC Precious Log:
 CPUs: 10 total, 10 available
 Memory: 32768M
 Large Page Support: Disabled
 NUMA Support: Disabled
 Compressed Oops: Enabled (Zero based)
 Alignments: Space 512K, Generation 512K, Heap 8M
 Heap Min Capacity: 8M
 Heap Initial Capacity: 512M
 Heap Max Capacity: 4G
 Pre-touch: Disabled
 Parallel Workers: 9

Heap:
 PSYoungGen      total 502784K, used 302319K [0x00000007aab00000, 0x00000007d7400000, 0x0000000800000000)
  eden space 459776K, 65% used [0x00000007aab00000,0x00000007bcf2ad60,0x00000007c6c00000)
  from space 43008K, 7% used [0x00000007c6c00000,0x00000007c6f10ef0,0x00000007c9600000)
  to   space 43008K, 0% used [0x00000007d4a00000,0x00000007d4a00000,0x00000007d7400000)
 ParOldGen       total 349696K, used 181354K [0x0000000700000000, 0x0000000715580000, 0x00000007aab00000)
  object space 349696K, 51% used [0x0000000700000000,0x000000070b11aa70,0x0000000715580000)
 Metaspace       used 215546K, committed 217856K, reserved 1245184K
  class space    used 28178K, committed 29248K, reserved 1048576K

Card table byte_map: [0x00000001061d8000,0x00000001069dc000] _byte_map_base: 0x00000001029d8000

Marking Bits: (ParMarkBitMap*) 0x0000000107acb930
 Begin Bits: [0x000000011ebb4000, 0x0000000122bb4000)
 End Bits:   [0x0000000122bb4000, 0x0000000126bb4000)

Polling page: 0x0000000100dac000

Metaspace:

Usage:
  Non-class:    182.98 MB used.
      Class:     27.52 MB used.
       Both:    210.49 MB used.

Virtual space:
  Non-class space:      192.00 MB reserved,     184.19 MB ( 96%) committed,  3 nodes.
      Class space:        1.00 GB reserved,      28.56 MB (  3%) committed,  1 nodes.
             Both:        1.19 GB reserved,     212.75 MB ( 17%) committed. 

Chunk freelists:
   Non-Class:  7.06 MB
       Class:  3.41 MB
        Both:  10.47 MB

MaxMetaspaceSize: unlimited
CompressedClassSpaceSize: 1.00 GB
Initial GC threshold: 21.00 MB
Current GC threshold: 270.31 MB
CDS: on
MetaspaceReclaimPolicy: balanced
 - commit_granule_bytes: 65536.
 - commit_granule_words: 8192.
 - virtual_space_node_default_size: 8388608.
 - enlarge_chunks_in_place: 1.
 - new_chunks_are_fully_committed: 0.
 - uncommit_free_chunks: 1.
 - use_allocation_guard: 0.
 - handle_deallocations: 1.


Internal statistics:

num_allocs_failed_limit: 15.
num_arena_births: 3484.
num_arena_deaths: 82.
num_vsnodes_births: 4.
num_vsnodes_deaths: 0.
num_space_committed: 3398.
num_space_uncommitted: 0.
num_chunks_returned_to_freelist: 127.
num_chunks_taken_from_freelist: 12962.
num_chunk_merges: 42.
num_chunk_splits: 8664.
num_chunks_enlarged: 5689.
num_inconsistent_stats: 0.

CodeHeap 'non-profiled nmethods': size=120032Kb used=11029Kb max_used=11029Kb free=109002Kb
 bounds [0x0000000117124000, 0x0000000117bf4000, 0x000000011e65c000]
CodeHeap 'profiled nmethods': size=120016Kb used=46139Kb max_used=47059Kb free=73876Kb
 bounds [0x000000010f65c000, 0x00000001124dc000, 0x0000000116b90000]
CodeHeap 'non-nmethods': size=5712Kb used=2201Kb max_used=2321Kb free=3510Kb
 bounds [0x0000000116b90000, 0x0000000116e00000, 0x0000000117124000]
 total_blobs=22595 nmethods=21339 adapters=1171
 compilation: enabled
              stopped_count=0, restarted_count=0
 full_count=0

Compilation events (20 events):
Event: 24.233 Thread 0x0000000155008200 nmethod 28932 0x0000000111989290 code [0x0000000111989740, 0x000000011198af38]
Event: 24.233 Thread 0x0000000155008200 28933       2       java.util.concurrent.ForkJoinPool$WorkQueue::topLevelExec (76 bytes)
Event: 24.233 Thread 0x0000000144820c00 nmethod 28918 0x0000000117be5b10 code [0x0000000117be5d00, 0x0000000117be6060]
Event: 24.233 Thread 0x0000000144820c00 28919       4       org.jetbrains.kotlin.analysis.api.fir.KaSymbolByFirBuilder$VariableSymbolBuilder::buildValueParameterSymbol (1154 bytes)
Event: 24.233 Thread 0x0000000155008200 nmethod 28933 0x0000000110e95a10 code [0x0000000110e95c00, 0x0000000110e96018]
Event: 24.233 Thread 0x0000000155008200 28928       2       org.jetbrains.kotlin.fir.declarations.impl.FirPrimaryConstructor::getSymbol (8 bytes)
Event: 24.233 Thread 0x0000000155008200 nmethod 28928 0x000000010fcda290 code [0x000000010fcda400, 0x000000010fcda518]
Event: 24.233 Thread 0x0000000155008200 28929       2       org.jetbrains.kotlin.asJava.LightClassUtil::getPsiMethodWrappers$lambda$5 (44 bytes)
Event: 24.234 Thread 0x0000000155008200 nmethod 28929 0x000000010fcec090 code [0x000000010fcec300, 0x000000010fcec798]
Event: 24.234 Thread 0x0000000155008200 28939 % !   3       org.jetbrains.uast.kotlin.FirKotlinUastResolveProviderService::getArgumentForParameter @ 2397 (2840 bytes)
Event: 24.238 Thread 0x0000000144820c00 nmethod 28919 0x0000000117be6410 code [0x0000000117be6700, 0x0000000117be6ea0]
Event: 24.238 Thread 0x0000000144820c00 28942       4       org.jetbrains.kotlin.analysis.api.fir.symbols.KaFirValueParameterSymbol::<init> (54 bytes)
Event: 24.239 Thread 0x0000000144820c00 nmethod 28942 0x0000000117be7890 code [0x0000000117be7a80, 0x0000000117be7de0]
Event: 24.239 Thread 0x0000000144820c00 28947       4       org.jetbrains.kotlin.analysis.api.fir.KaSymbolByFirBuilder$VariableSymbolBuilder::buildValueParameterSymbol (1154 bytes)
Event: 24.244 Thread 0x0000000144820c00 nmethod 28947 0x0000000117be8190 code [0x0000000117be84c0, 0x0000000117be8d70]
Event: 24.245 Thread 0x0000000144820c00 28945       4       kotlin.LazyKt__LazyKt::lazyOf (12 bytes)
Event: 24.245 Thread 0x0000000144820c00 nmethod 28945 0x00000001172ea510 code [0x00000001172ea6c0, 0x00000001172ea7a0]
Event: 24.245 Thread 0x0000000144820c00 28937       4       org.jetbrains.kotlin.analysis.api.fir.symbols.KaFirPsiSymbolKt::getBackingPsiIfApplicable (32 bytes)
Event: 24.246 Thread 0x0000000144820c00 nmethod 28937 0x000000011793e290 code [0x000000011793e440, 0x000000011793e600]
Event: 24.246 Thread 0x0000000144820c00 28906       4       org.jetbrains.kotlin.analysis.api.fir.symbols.KaFirValueParameterSymbol::<init> (51 bytes)

GC Heap History (20 events):
Event: 7.998 GC heap before
{Heap before GC invocations=15 (full 3):
 PSYoungGen      total 143872K, used 28377K [0x00000007aab00000, 0x00000007b9800000, 0x0000000800000000)
  eden space 113152K, 18% used [0x00000007aab00000,0x00000007abf29678,0x00000007b1980000)
  from space 30720K, 25% used [0x00000007b1980000,0x00000007b210cf20,0x00000007b3780000)
  to   space 30720K, 0% used [0x00000007b7a00000,0x00000007b7a00000,0x00000007b9800000)
 ParOldGen       total 349696K, used 86373K [0x0000000700000000, 0x0000000715580000, 0x00000007aab00000)
  object space 349696K, 24% used [0x0000000700000000,0x0000000705459470,0x0000000715580000)
 Metaspace       used 98861K, committed 99648K, reserved 1179648K
  class space    used 14006K, committed 14400K, reserved 1048576K
}
Event: 8.005 GC heap after
{Heap after GC invocations=15 (full 3):
 PSYoungGen      total 211456K, used 2144K [0x00000007aab00000, 0x00000007b9900000, 0x0000000800000000)
  eden space 180736K, 0% used [0x00000007aab00000,0x00000007aab00000,0x00000007b5b80000)
  from space 30720K, 6% used [0x00000007b7a00000,0x00000007b7c18020,0x00000007b9800000)
  to   space 31232K, 0% used [0x00000007b5b80000,0x00000007b5b80000,0x00000007b7a00000)
 ParOldGen       total 349696K, used 93970K [0x0000000700000000, 0x0000000715580000, 0x00000007aab00000)
  object space 349696K, 26% used [0x0000000700000000,0x0000000705bc4a50,0x0000000715580000)
 Metaspace       used 98861K, committed 99648K, reserved 1179648K
  class space    used 14006K, committed 14400K, reserved 1048576K
}
Event: 8.005 GC heap before
{Heap before GC invocations=16 (full 4):
 PSYoungGen      total 211456K, used 2144K [0x00000007aab00000, 0x00000007b9900000, 0x0000000800000000)
  eden space 180736K, 0% used [0x00000007aab00000,0x00000007aab00000,0x00000007b5b80000)
  from space 30720K, 6% used [0x00000007b7a00000,0x00000007b7c18020,0x00000007b9800000)
  to   space 31232K, 0% used [0x00000007b5b80000,0x00000007b5b80000,0x00000007b7a00000)
 ParOldGen       total 349696K, used 93970K [0x0000000700000000, 0x0000000715580000, 0x00000007aab00000)
  object space 349696K, 26% used [0x0000000700000000,0x0000000705bc4a50,0x0000000715580000)
 Metaspace       used 98861K, committed 99648K, reserved 1179648K
  class space    used 14006K, committed 14400K, reserved 1048576K
}
Event: 8.074 GC heap after
{Heap after GC invocations=16 (full 4):
 PSYoungGen      total 211456K, used 0K [0x00000007aab00000, 0x00000007b9900000, 0x0000000800000000)
  eden space 180736K, 0% used [0x00000007aab00000,0x00000007aab00000,0x00000007b5b80000)
  from space 30720K, 0% used [0x00000007b7a00000,0x00000007b7a00000,0x00000007b9800000)
  to   space 31232K, 0% used [0x00000007b5b80000,0x00000007b5b80000,0x00000007b7a00000)
 ParOldGen       total 349696K, used 94690K [0x0000000700000000, 0x0000000715580000, 0x00000007aab00000)
  object space 349696K, 27% used [0x0000000700000000,0x0000000705c789e0,0x0000000715580000)
 Metaspace       used 98861K, committed 99648K, reserved 1179648K
  class space    used 14006K, committed 14400K, reserved 1048576K
}
Event: 15.566 GC heap before
{Heap before GC invocations=17 (full 4):
 PSYoungGen      total 211456K, used 180736K [0x00000007aab00000, 0x00000007b9900000, 0x0000000800000000)
  eden space 180736K, 100% used [0x00000007aab00000,0x00000007b5b80000,0x00000007b5b80000)
  from space 30720K, 0% used [0x00000007b7a00000,0x00000007b7a00000,0x00000007b9800000)
  to   space 31232K, 0% used [0x00000007b5b80000,0x00000007b5b80000,0x00000007b7a00000)
 ParOldGen       total 349696K, used 94690K [0x0000000700000000, 0x0000000715580000, 0x00000007aab00000)
  object space 349696K, 27% used [0x0000000700000000,0x0000000705c789e0,0x0000000715580000)
 Metaspace       used 114253K, committed 115264K, reserved 1179648K
  class space    used 15900K, committed 16384K, reserved 1048576K
}
Event: 15.570 GC heap after
{Heap after GC invocations=17 (full 4):
 PSYoungGen      total 211968K, used 9358K [0x00000007aab00000, 0x00000007c0080000, 0x0000000800000000)
  eden space 180736K, 0% used [0x00000007aab00000,0x00000007aab00000,0x00000007b5b80000)
  from space 31232K, 29% used [0x00000007b5b80000,0x00000007b64a3888,0x00000007b7a00000)
  to   space 30208K, 0% used [0x00000007be300000,0x00000007be300000,0x00000007c0080000)
 ParOldGen       total 349696K, used 94698K [0x0000000700000000, 0x0000000715580000, 0x00000007aab00000)
  object space 349696K, 27% used [0x0000000700000000,0x0000000705c7a9e0,0x0000000715580000)
 Metaspace       used 114253K, committed 115264K, reserved 1179648K
  class space    used 15900K, committed 16384K, reserved 1048576K
}
Event: 16.375 GC heap before
{Heap before GC invocations=18 (full 4):
 PSYoungGen      total 211968K, used 190094K [0x00000007aab00000, 0x00000007c0080000, 0x0000000800000000)
  eden space 180736K, 100% used [0x00000007aab00000,0x00000007b5b80000,0x00000007b5b80000)
  from space 31232K, 29% used [0x00000007b5b80000,0x00000007b64a3888,0x00000007b7a00000)
  to   space 30208K, 0% used [0x00000007be300000,0x00000007be300000,0x00000007c0080000)
 ParOldGen       total 349696K, used 94698K [0x0000000700000000, 0x0000000715580000, 0x00000007aab00000)
  object space 349696K, 27% used [0x0000000700000000,0x0000000705c7a9e0,0x0000000715580000)
 Metaspace       used 118625K, committed 119616K, reserved 1179648K
  class space    used 16456K, committed 16960K, reserved 1048576K
}
Event: 16.384 GC heap after
{Heap after GC invocations=18 (full 4):
 PSYoungGen      total 319488K, used 17428K [0x00000007aab00000, 0x00000007c0080000, 0x0000000800000000)
  eden space 289280K, 0% used [0x00000007aab00000,0x00000007aab00000,0x00000007bc580000)
  from space 30208K, 57% used [0x00000007be300000,0x00000007bf4053a0,0x00000007c0080000)
  to   space 30208K, 0% used [0x00000007bc580000,0x00000007bc580000,0x00000007be300000)
 ParOldGen       total 349696K, used 103870K [0x0000000700000000, 0x0000000715580000, 0x00000007aab00000)
  object space 349696K, 29% used [0x0000000700000000,0x000000070656f918,0x0000000715580000)
 Metaspace       used 118625K, committed 119616K, reserved 1179648K
  class space    used 16456K, committed 16960K, reserved 1048576K
}
Event: 18.560 GC heap before
{Heap before GC invocations=19 (full 4):
 PSYoungGen      total 319488K, used 306708K [0x00000007aab00000, 0x00000007c0080000, 0x0000000800000000)
  eden space 289280K, 100% used [0x00000007aab00000,0x00000007bc580000,0x00000007bc580000)
  from space 30208K, 57% used [0x00000007be300000,0x00000007bf4053a0,0x00000007c0080000)
  to   space 30208K, 0% used [0x00000007bc580000,0x00000007bc580000,0x00000007be300000)
 ParOldGen       total 349696K, used 103870K [0x0000000700000000, 0x0000000715580000, 0x00000007aab00000)
  object space 349696K, 29% used [0x0000000700000000,0x000000070656f918,0x0000000715580000)
 Metaspace       used 132538K, committed 133760K, reserved 1179648K
  class space    used 17883K, committed 18496K, reserved 1048576K
}
Event: 18.578 GC heap after
{Heap after GC invocations=19 (full 4):
 PSYoungGen      total 319488K, used 11881K [0x00000007aab00000, 0x00000007ca700000, 0x0000000800000000)
  eden space 289280K, 0% used [0x00000007aab00000,0x00000007aab00000,0x00000007bc580000)
  from space 30208K, 39% used [0x00000007bc580000,0x00000007bd11a770,0x00000007be300000)
  to   space 28672K, 0% used [0x00000007c8b00000,0x00000007c8b00000,0x00000007ca700000)
 ParOldGen       total 349696K, used 120732K [0x0000000700000000, 0x0000000715580000, 0x00000007aab00000)
  object space 349696K, 34% used [0x0000000700000000,0x00000007075e7290,0x0000000715580000)
 Metaspace       used 132538K, committed 133760K, reserved 1179648K
  class space    used 17883K, committed 18496K, reserved 1048576K
}
Event: 19.694 GC heap before
{Heap before GC invocations=20 (full 4):
 PSYoungGen      total 319488K, used 301161K [0x00000007aab00000, 0x00000007ca700000, 0x0000000800000000)
  eden space 289280K, 100% used [0x00000007aab00000,0x00000007bc580000,0x00000007bc580000)
  from space 30208K, 39% used [0x00000007bc580000,0x00000007bd11a770,0x00000007be300000)
  to   space 28672K, 0% used [0x00000007c8b00000,0x00000007c8b00000,0x00000007ca700000)
 ParOldGen       total 349696K, used 120732K [0x0000000700000000, 0x0000000715580000, 0x00000007aab00000)
  object space 349696K, 34% used [0x0000000700000000,0x00000007075e7290,0x0000000715580000)
 Metaspace       used 155110K, committed 156928K, reserved 1245184K
  class space    used 20323K, committed 21248K, reserved 1048576K
}
Event: 19.707 GC heap after
{Heap after GC invocations=20 (full 4):
 PSYoungGen      total 482816K, used 28656K [0x00000007aab00000, 0x00000007cb800000, 0x0000000800000000)
  eden space 454144K, 0% used [0x00000007aab00000,0x00000007aab00000,0x00000007c6680000)
  from space 28672K, 99% used [0x00000007c8b00000,0x00000007ca6fc0d8,0x00000007ca700000)
  to   space 37376K, 0% used [0x00000007c6680000,0x00000007c6680000,0x00000007c8b00000)
 ParOldGen       total 349696K, used 132721K [0x0000000700000000, 0x0000000715580000, 0x00000007aab00000)
  object space 349696K, 37% used [0x0000000700000000,0x000000070819c6c8,0x0000000715580000)
 Metaspace       used 155110K, committed 156928K, reserved 1245184K
  class space    used 20323K, committed 21248K, reserved 1048576K
}
Event: 20.270 GC heap before
{Heap before GC invocations=21 (full 4):
 PSYoungGen      total 482816K, used 330504K [0x00000007aab00000, 0x00000007cb800000, 0x0000000800000000)
  eden space 454144K, 66% used [0x00000007aab00000,0x00000007bd1c61f0,0x00000007c6680000)
  from space 28672K, 99% used [0x00000007c8b00000,0x00000007ca6fc0d8,0x00000007ca700000)
  to   space 37376K, 0% used [0x00000007c6680000,0x00000007c6680000,0x00000007c8b00000)
 ParOldGen       total 349696K, used 132721K [0x0000000700000000, 0x0000000715580000, 0x00000007aab00000)
  object space 349696K, 37% used [0x0000000700000000,0x000000070819c6c8,0x0000000715580000)
 Metaspace       used 164309K, committed 166080K, reserved 1245184K
  class space    used 21881K, committed 22784K, reserved 1048576K
}
Event: 20.286 GC heap after
{Heap after GC invocations=21 (full 4):
 PSYoungGen      total 491520K, used 28808K [0x00000007aab00000, 0x00000007cbd00000, 0x0000000800000000)
  eden space 454144K, 0% used [0x00000007aab00000,0x00000007aab00000,0x00000007c6680000)
  from space 37376K, 77% used [0x00000007c6680000,0x00000007c82a20d0,0x00000007c8b00000)
  to   space 39936K, 0% used [0x00000007c9600000,0x00000007c9600000,0x00000007cbd00000)
 ParOldGen       total 349696K, used 161051K [0x0000000700000000, 0x0000000715580000, 0x00000007aab00000)
  object space 349696K, 46% used [0x0000000700000000,0x0000000709d46f58,0x0000000715580000)
 Metaspace       used 164309K, committed 166080K, reserved 1245184K
  class space    used 21881K, committed 22784K, reserved 1048576K
}
Event: 20.286 GC heap before
{Heap before GC invocations=22 (full 5):
 PSYoungGen      total 491520K, used 28808K [0x00000007aab00000, 0x00000007cbd00000, 0x0000000800000000)
  eden space 454144K, 0% used [0x00000007aab00000,0x00000007aab00000,0x00000007c6680000)
  from space 37376K, 77% used [0x00000007c6680000,0x00000007c82a20d0,0x00000007c8b00000)
  to   space 39936K, 0% used [0x00000007c9600000,0x00000007c9600000,0x00000007cbd00000)
 ParOldGen       total 349696K, used 161051K [0x0000000700000000, 0x0000000715580000, 0x00000007aab00000)
  object space 349696K, 46% used [0x0000000700000000,0x0000000709d46f58,0x0000000715580000)
 Metaspace       used 164309K, committed 166080K, reserved 1245184K
  class space    used 21881K, committed 22784K, reserved 1048576K
}
Event: 20.426 GC heap after
{Heap after GC invocations=22 (full 5):
 PSYoungGen      total 491520K, used 0K [0x00000007aab00000, 0x00000007cbd00000, 0x0000000800000000)
  eden space 454144K, 0% used [0x00000007aab00000,0x00000007aab00000,0x00000007c6680000)
  from space 37376K, 0% used [0x00000007c6680000,0x00000007c6680000,0x00000007c8b00000)
  to   space 39936K, 0% used [0x00000007c9600000,0x00000007c9600000,0x00000007cbd00000)
 ParOldGen       total 349696K, used 176752K [0x0000000700000000, 0x0000000715580000, 0x00000007aab00000)
  object space 349696K, 50% used [0x0000000700000000,0x000000070ac9c3f0,0x0000000715580000)
 Metaspace       used 164217K, committed 166080K, reserved 1245184K
  class space    used 21860K, committed 22784K, reserved 1048576K
}
Event: 21.650 GC heap before
{Heap before GC invocations=23 (full 5):
 PSYoungGen      total 491520K, used 454144K [0x00000007aab00000, 0x00000007cbd00000, 0x0000000800000000)
  eden space 454144K, 100% used [0x00000007aab00000,0x00000007c6680000,0x00000007c6680000)
  from space 37376K, 0% used [0x00000007c6680000,0x00000007c6680000,0x00000007c8b00000)
  to   space 39936K, 0% used [0x00000007c9600000,0x00000007c9600000,0x00000007cbd00000)
 ParOldGen       total 349696K, used 176752K [0x0000000700000000, 0x0000000715580000, 0x00000007aab00000)
  object space 349696K, 50% used [0x0000000700000000,0x000000070ac9c3f0,0x0000000715580000)
 Metaspace       used 172555K, committed 174784K, reserved 1245184K
  class space    used 22844K, committed 23936K, reserved 1048576K
}
Event: 21.657 GC heap after
{Heap after GC invocations=23 (full 5):
 PSYoungGen      total 499712K, used 31113K [0x00000007aab00000, 0x00000007d6c00000, 0x0000000800000000)
  eden space 459776K, 0% used [0x00000007aab00000,0x00000007aab00000,0x00000007c6c00000)
  from space 39936K, 77% used [0x00000007c9600000,0x00000007cb4626a0,0x00000007cbd00000)
  to   space 43008K, 0% used [0x00000007c6c00000,0x00000007c6c00000,0x00000007c9600000)
 ParOldGen       total 349696K, used 176760K [0x0000000700000000, 0x0000000715580000, 0x00000007aab00000)
  object space 349696K, 50% used [0x0000000700000000,0x000000070ac9e3f0,0x0000000715580000)
 Metaspace       used 172555K, committed 174784K, reserved 1245184K
  class space    used 22844K, committed 23936K, reserved 1048576K
}
Event: 22.276 GC heap before
{Heap before GC invocations=24 (full 5):
 PSYoungGen      total 499712K, used 490889K [0x00000007aab00000, 0x00000007d6c00000, 0x0000000800000000)
  eden space 459776K, 100% used [0x00000007aab00000,0x00000007c6c00000,0x00000007c6c00000)
  from space 39936K, 77% used [0x00000007c9600000,0x00000007cb4626a0,0x00000007cbd00000)
  to   space 43008K, 0% used [0x00000007c6c00000,0x00000007c6c00000,0x00000007c9600000)
 ParOldGen       total 349696K, used 176760K [0x0000000700000000, 0x0000000715580000, 0x00000007aab00000)
  object space 349696K, 50% used [0x0000000700000000,0x000000070ac9e3f0,0x0000000715580000)
 Metaspace       used 178243K, committed 180608K, reserved 1245184K
  class space    used 23704K, committed 24768K, reserved 1048576K
}
Event: 22.280 GC heap after
{Heap after GC invocations=24 (full 5):
 PSYoungGen      total 502784K, used 3139K [0x00000007aab00000, 0x00000007d7400000, 0x0000000800000000)
  eden space 459776K, 0% used [0x00000007aab00000,0x00000007aab00000,0x00000007c6c00000)
  from space 43008K, 7% used [0x00000007c6c00000,0x00000007c6f10ef0,0x00000007c9600000)
  to   space 43008K, 0% used [0x00000007d4a00000,0x00000007d4a00000,0x00000007d7400000)
 ParOldGen       total 349696K, used 181354K [0x0000000700000000, 0x0000000715580000, 0x00000007aab00000)
  object space 349696K, 51% used [0x0000000700000000,0x000000070b11aa70,0x0000000715580000)
 Metaspace       used 178243K, committed 180608K, reserved 1245184K
  class space    used 23704K, committed 24768K, reserved 1048576K
}

Deoptimization events (20 events):
Event: 24.238 Thread 0x0000000153827600 Uncommon trap: trap_request=0xffffff66 fr.pc=0x0000000117be6abc relative=0x00000000000003bc
Event: 24.238 Thread 0x0000000153827600 Uncommon trap: reason=speculate_class_check action=maybe_recompile pc=0x0000000117be6abc method=org.jetbrains.kotlin.fir.ClassMembersKt.isSubstitutionOverride(Lorg/jetbrains/kotlin/fir/declarations/FirCallableDeclaration;)Z @ 7 c2
Event: 24.238 Thread 0x0000000153827600 DEOPT PACKING pc=0x0000000117be6abc sp=0x0000000333afa8e0
Event: 24.238 Thread 0x0000000153827600 DEOPT UNPACKING pc=0x0000000116bced1c sp=0x0000000333afa720 mode 2
Event: 24.244 Thread 0x0000000153827600 Uncommon trap: trap_request=0xffffff66 fr.pc=0x0000000117be8918 relative=0x0000000000000458
Event: 24.245 Thread 0x0000000153827600 Uncommon trap: reason=speculate_class_check action=maybe_recompile pc=0x0000000117be8918 method=org.jetbrains.kotlin.fir.UtilsKt.getRealPsi(Lorg/jetbrains/kotlin/fir/FirElement;)Lcom/intellij/psi/PsiElement; @ 7 c2
Event: 24.245 Thread 0x0000000153827600 DEOPT PACKING pc=0x0000000117be8918 sp=0x0000000333afa8e0
Event: 24.245 Thread 0x0000000153827600 DEOPT UNPACKING pc=0x0000000116bced1c sp=0x0000000333afa620 mode 2
Event: 24.245 Thread 0x0000000153827600 Uncommon trap: trap_request=0xffffff66 fr.pc=0x0000000117be8918 relative=0x0000000000000458
Event: 24.245 Thread 0x0000000153827600 Uncommon trap: reason=speculate_class_check action=maybe_recompile pc=0x0000000117be8918 method=org.jetbrains.kotlin.fir.UtilsKt.getRealPsi(Lorg/jetbrains/kotlin/fir/FirElement;)Lcom/intellij/psi/PsiElement; @ 7 c2
Event: 24.245 Thread 0x0000000153827600 DEOPT PACKING pc=0x0000000117be8918 sp=0x0000000333afa850
Event: 24.245 Thread 0x0000000153827600 DEOPT UNPACKING pc=0x0000000116bced1c sp=0x0000000333afa590 mode 2
Event: 24.246 Thread 0x0000000153827600 Uncommon trap: trap_request=0xffffff66 fr.pc=0x000000011793e508 relative=0x00000000000000c8
Event: 24.246 Thread 0x0000000153827600 Uncommon trap: reason=speculate_class_check action=maybe_recompile pc=0x000000011793e508 method=org.jetbrains.kotlin.fir.UtilsKt.getRealPsi(Lorg/jetbrains/kotlin/fir/FirElement;)Lcom/intellij/psi/PsiElement; @ 7 c2
Event: 24.246 Thread 0x0000000153827600 DEOPT PACKING pc=0x000000011793e508 sp=0x0000000333afad50
Event: 24.246 Thread 0x0000000153827600 DEOPT UNPACKING pc=0x0000000116bced1c sp=0x0000000333afac80 mode 2
Event: 24.246 Thread 0x0000000153827600 Uncommon trap: trap_request=0xffffff66 fr.pc=0x000000011793e508 relative=0x00000000000000c8
Event: 24.246 Thread 0x0000000153827600 Uncommon trap: reason=speculate_class_check action=maybe_recompile pc=0x000000011793e508 method=org.jetbrains.kotlin.fir.UtilsKt.getRealPsi(Lorg/jetbrains/kotlin/fir/FirElement;)Lcom/intellij/psi/PsiElement; @ 7 c2
Event: 24.246 Thread 0x0000000153827600 DEOPT PACKING pc=0x000000011793e508 sp=0x0000000333afaf70
Event: 24.246 Thread 0x0000000153827600 DEOPT UNPACKING pc=0x0000000116bced1c sp=0x0000000333afaea0 mode 2

Classes unloaded (20 events):
Event: 20.314 Thread 0x0000000142f10120 Unloading class 0x000000c0022db400 'java/lang/invoke/LambdaForm$MH+0x000000c0022db400'
Event: 20.314 Thread 0x0000000142f10120 Unloading class 0x000000c0022db000 'java/lang/invoke/LambdaForm$MH+0x000000c0022db000'
Event: 20.314 Thread 0x0000000142f10120 Unloading class 0x000000c0022da800 'java/lang/invoke/LambdaForm$MH+0x000000c0022da800'
Event: 20.314 Thread 0x0000000142f10120 Unloading class 0x000000c0022da000 'java/lang/invoke/LambdaForm$MH+0x000000c0022da000'
Event: 20.314 Thread 0x0000000142f10120 Unloading class 0x000000c0022d9c00 'java/lang/invoke/LambdaForm$MH+0x000000c0022d9c00'
Event: 20.314 Thread 0x0000000142f10120 Unloading class 0x000000c0022d9400 'java/lang/invoke/LambdaForm$MH+0x000000c0022d9400'
Event: 20.314 Thread 0x0000000142f10120 Unloading class 0x000000c0022d8c00 'java/lang/invoke/LambdaForm$MH+0x000000c0022d8c00'
Event: 20.314 Thread 0x0000000142f10120 Unloading class 0x000000c0022d8800 'java/lang/invoke/LambdaForm$MH+0x000000c0022d8800'
Event: 20.314 Thread 0x0000000142f10120 Unloading class 0x000000c0022d8000 'java/lang/invoke/LambdaForm$MH+0x000000c0022d8000'
Event: 20.314 Thread 0x0000000142f10120 Unloading class 0x000000c0022d7c00 'java/lang/invoke/LambdaForm$MH+0x000000c0022d7c00'
Event: 20.314 Thread 0x0000000142f10120 Unloading class 0x000000c0022d7400 'java/lang/invoke/LambdaForm$MH+0x000000c0022d7400'
Event: 20.314 Thread 0x0000000142f10120 Unloading class 0x000000c0022d7000 'java/lang/invoke/LambdaForm$MH+0x000000c0022d7000'
Event: 20.314 Thread 0x0000000142f10120 Unloading class 0x000000c0022d6800 'java/lang/invoke/LambdaForm$MH+0x000000c0022d6800'
Event: 20.314 Thread 0x0000000142f10120 Unloading class 0x000000c0022d6400 'java/lang/invoke/LambdaForm$MH+0x000000c0022d6400'
Event: 20.314 Thread 0x0000000142f10120 Unloading class 0x000000c0022d5c00 'java/lang/invoke/LambdaForm$MH+0x000000c0022d5c00'
Event: 20.314 Thread 0x0000000142f10120 Unloading class 0x000000c0022d5800 'java/lang/invoke/LambdaForm$MH+0x000000c0022d5800'
Event: 20.314 Thread 0x0000000142f10120 Unloading class 0x000000c0022d5000 'java/lang/invoke/LambdaForm$MH+0x000000c0022d5000'
Event: 20.314 Thread 0x0000000142f10120 Unloading class 0x000000c0022d4c00 'java/lang/invoke/LambdaForm$MH+0x000000c0022d4c00'
Event: 20.314 Thread 0x0000000142f10120 Unloading class 0x000000c0022d4400 'java/lang/invoke/LambdaForm$MH+0x000000c0022d4400'
Event: 20.314 Thread 0x0000000142f10120 Unloading class 0x000000c0022d4000 'java/lang/invoke/LambdaForm$MH+0x000000c0022d4000'

Classes redefined (0 events):
No events

Internal exceptions (20 events):
Event: 20.441 Thread 0x00000001433c5200 Exception <a 'java/lang/NoSuchMethodError'{0x00000007aad76750}: 'java.lang.Object java.lang.invoke.DirectMethodHandle$Holder.invokeStatic(java.lang.Object, int, java.lang.Object, java.lang.Object)'> (0x00000007aad76750) 
thrown [open/src/hotspot/share/interpreter/linkResolver.cpp, line 759]
Event: 20.460 Thread 0x0000000153d05600 Implicit null exception at 0x00000001179c245c to 0x00000001179c25e4
Event: 20.464 Thread 0x0000000153d05600 Exception <a 'java/lang/NoSuchMethodError'{0x00000007aaf73ad0}: 'void java.lang.invoke.DirectMethodHandle$Holder.invokeSpecial(java.lang.Object, java.lang.Object, int, int)'> (0x00000007aaf73ad0) 
thrown [open/src/hotspot/share/interpreter/linkResolver.cpp, line 759]
Event: 20.596 Thread 0x0000000153827600 Exception <a 'java/lang/NoSuchMethodError'{0x00000007ab6bc590}: 'java.lang.Object java.lang.invoke.DirectMethodHandle$Holder.invokeStaticInit(java.lang.Object, long)'> (0x00000007ab6bc590) 
thrown [open/src/hotspot/share/interpreter/linkResolver.cpp, line 759]
Event: 20.600 Thread 0x0000000153827600 Implicit null exception at 0x00000001172e4468 to 0x00000001172e4e6c
Event: 20.600 Thread 0x0000000153d05600 Implicit null exception at 0x00000001172e4468 to 0x00000001172e4e6c
Event: 20.600 Thread 0x00000001433c5200 Implicit null exception at 0x00000001172e4468 to 0x00000001172e4e6c
Event: 22.231 Thread 0x0000000153d05600 Exception <a 'java/lang/NoSuchMethodError'{0x00000007c6282538}: 'java.lang.Object java.lang.invoke.DirectMethodHandle$Holder.invokeStatic(java.lang.Object, java.lang.Object, int, java.lang.Object, java.lang.Object, java.lang.Object)'> (0x00000007c6282538) 
thrown [open/src/hotspot/share/interpreter/linkResolver.cpp, line 759]
Event: 22.514 Thread 0x0000000153827600 Exception <a 'java/lang/NoSuchMethodError'{0x00000007ad518dd8}: 'long java.lang.invoke.DirectMethodHandle$Holder.invokeStatic(java.lang.Object, int)'> (0x00000007ad518dd8) 
thrown [open/src/hotspot/share/interpreter/linkResolver.cpp, line 759]
Event: 22.514 Thread 0x0000000153d05600 Exception <a 'java/lang/NoSuchMethodError'{0x00000007ad6666c8}: 'long java.lang.invoke.DirectMethodHandle$Holder.invokeStatic(java.lang.Object, int)'> (0x00000007ad6666c8) 
thrown [open/src/hotspot/share/interpreter/linkResolver.cpp, line 759]
Event: 22.514 Thread 0x0000000153d05600 Exception <a 'java/lang/NoSuchMethodError'{0x00000007ad66d9b0}: 'void java.lang.invoke.DelegatingMethodHandle$Holder.reinvoke_L(java.lang.Object, java.lang.Object, java.lang.Object, long)'> (0x00000007ad66d9b0) 
thrown [open/src/hotspot/share/interpreter/linkResolver.cpp, line 759]
Event: 22.514 Thread 0x0000000153827600 Exception <a 'java/lang/NoSuchMethodError'{0x00000007ad5206d0}: 'void java.lang.invoke.DelegatingMethodHandle$Holder.reinvoke_L(java.lang.Object, java.lang.Object, java.lang.Object, long)'> (0x00000007ad5206d0) 
thrown [open/src/hotspot/share/interpreter/linkResolver.cpp, line 759]
Event: 22.601 Thread 0x0000000153827600 Exception <a 'java/lang/NoSuchMethodError'{0x00000007ae5e3768}: 'void java.lang.invoke.DirectMethodHandle$Holder.invokeSpecial(java.lang.Object, java.lang.Object, int, java.lang.Object)'> (0x00000007ae5e3768) 
thrown [open/src/hotspot/share/interpreter/linkResolver.cpp, line 759]
Event: 22.797 Thread 0x0000000153d05600 Exception <a 'java/lang/NoSuchMethodError'{0x00000007b0bc63e0}: 'int java.lang.invoke.DirectMethodHandle$Holder.invokeStatic(java.lang.Object, java.lang.Object, java.lang.Object, java.lang.Object, java.lang.Object, java.lang.Object)'> (0x00000007b0bc63e0) 
thrown [open/src/hotspot/share/interpreter/linkResolver.cpp, line 759]
Event: 22.804 Thread 0x0000000153d05600 Exception <a 'java/lang/IncompatibleClassChangeError'{0x00000007b0dc4e70}: Found class java.lang.Object, but interface was expected> (0x00000007b0dc4e70) 
thrown [open/src/hotspot/share/interpreter/linkResolver.cpp, line 826]
Event: 22.880 Thread 0x0000000153827600 Exception <a 'java/lang/NoSuchMethodError'{0x00000007b2297d48}: 'int java.lang.invoke.DirectMethodHandle$Holder.invokeStaticInit(java.lang.Object, int)'> (0x00000007b2297d48) 
thrown [open/src/hotspot/share/interpreter/linkResolver.cpp, line 759]
Event: 23.045 Thread 0x0000000153d05600 Exception <a 'java/lang/NoSuchMethodError'{0x00000007b4452db0}: 'java.lang.Object java.lang.invoke.DirectMethodHandle$Holder.invokeStatic(java.lang.Object, java.lang.Object, java.lang.Object, java.lang.Object, int, java.lang.Object, java.lang.Object)'> (0x00000007b4452db0) 
thrown [open/src/hotspot/share/interpreter/linkResolver.cpp, line 759]
Event: 23.046 Thread 0x0000000153d05600 Exception <a 'java/lang/NoSuchMethodError'{0x00000007b445d5c0}: 'java.lang.Object java.lang.invoke.DirectMethodHandle$Holder.newInvokeSpecial(java.lang.Object, java.lang.Object, java.lang.Object, java.lang.Object, int, java.lang.Object, java.lang.Object)'> (0x00000007b445d5c0) 
thrown [open/src/hotspot/share/interpreter/linkResolver.cpp, line 759]
Event: 23.046 Thread 0x0000000153d05600 Exception <a 'java/lang/NoSuchMethodError'{0x00000007b4467320}: 'java.lang.Object java.lang.invoke.Invokers$Holder.linkToTargetMethod(java.lang.Object, java.lang.Object, java.lang.Object, int, java.lang.Object, java.lang.Object, java.lang.Object)'> (0x00000007b4467320) 
thrown [open/src/hotspot/share/interpreter/linkResolver.cpp, line 759]
Event: 23.103 Thread 0x0000000153d05600 Exception <a 'java/lang/NoSuchMethodError'{0x00000007b4e7cd30}: 'java.lang.Object java.lang.invoke.DirectMethodHandle$Holder.invokeStatic(java.lang.Object, java.lang.Object, java.lang.Object, int, java.lang.Object, java.lang.Object)'> (0x00000007b4e7cd30) 
thrown [open/src/hotspot/share/interpreter/linkResolver.cpp, line 759]

VM Operations (20 events):
Event: 23.813 Executing VM operation: ICBufferFull
Event: 23.813 Executing VM operation: ICBufferFull done
Event: 23.904 Executing VM operation: ICBufferFull
Event: 23.904 Executing VM operation: ICBufferFull done
Event: 24.001 Executing VM operation: HandshakeAllThreads
Event: 24.002 Executing VM operation: HandshakeAllThreads done
Event: 24.008 Executing VM operation: ICBufferFull
Event: 24.008 Executing VM operation: ICBufferFull done
Event: 24.033 Executing VM operation: HandshakeAllThreads
Event: 24.034 Executing VM operation: HandshakeAllThreads done
Event: 24.060 Executing VM operation: ICBufferFull
Event: 24.060 Executing VM operation: ICBufferFull done
Event: 24.134 Executing VM operation: ICBufferFull
Event: 24.134 Executing VM operation: ICBufferFull done
Event: 24.189 Executing VM operation: HandshakeAllThreads
Event: 24.189 Executing VM operation: HandshakeAllThreads done
Event: 24.190 Executing VM operation: ICBufferFull
Event: 24.190 Executing VM operation: ICBufferFull done
Event: 24.232 Executing VM operation: ICBufferFull
Event: 24.232 Executing VM operation: ICBufferFull done

Events (20 events):
Event: 24.220 Thread 0x000000015500d400 flushing nmethod 0x0000000112256610
Event: 24.220 Thread 0x000000015500d400 flushing nmethod 0x0000000112256b10
Event: 24.220 Thread 0x000000015500d400 flushing nmethod 0x000000011225cf10
Event: 24.220 Thread 0x000000015500d400 flushing nmethod 0x000000011225f390
Event: 24.220 Thread 0x000000015500d400 flushing nmethod 0x000000011225fd10
Event: 24.220 Thread 0x000000015500d400 flushing nmethod 0x0000000112273e10
Event: 24.220 Thread 0x000000015500d400 flushing nmethod 0x00000001122c3010
Event: 24.220 Thread 0x000000015500d400 flushing nmethod 0x00000001122e3b90
Event: 24.220 Thread 0x000000015500d400 flushing nmethod 0x00000001122e6a10
Event: 24.220 Thread 0x000000015500d400 flushing nmethod 0x00000001122e6d10
Event: 24.220 Thread 0x000000015500d400 flushing nmethod 0x00000001122eb410
Event: 24.220 Thread 0x000000015500d400 flushing nmethod 0x00000001122f2090
Event: 24.220 Thread 0x000000015500d400 flushing nmethod 0x00000001122f3e10
Event: 24.220 Thread 0x000000015500d400 flushing nmethod 0x00000001122f4510
Event: 24.220 Thread 0x000000015500d400 flushing nmethod 0x00000001122fdf10
Event: 24.220 Thread 0x000000015500d400 flushing nmethod 0x00000001122fe890
Event: 24.220 Thread 0x000000015500d400 flushing nmethod 0x00000001122ffa10
Event: 24.220 Thread 0x000000015500d400 flushing nmethod 0x0000000112300510
Event: 24.220 Thread 0x000000015500d400 flushing nmethod 0x0000000112300890
Event: 24.220 Thread 0x000000015500d400 flushing nmethod 0x0000000112302410


Dynamic libraries:
0x0000000100d5c000 	/Library/Java/JavaVirtualMachines/jdk-17.jdk/Contents/Home/lib/libjli.dylib
0x00000001ad744000 	/System/Library/Frameworks/Cocoa.framework/Versions/A/Cocoa
0x0000000192361000 	/System/Library/Frameworks/AppKit.framework/Versions/C/AppKit
0x00000001959a2000 	/System/Library/Frameworks/CoreData.framework/Versions/A/CoreData
0x000000018f756000 	/System/Library/Frameworks/Foundation.framework/Versions/C/Foundation
0x000000019dd02000 	/usr/lib/libSystem.B.dylib
0x0000000193a85000 	/System/Library/PrivateFrameworks/UIFoundation.framework/Versions/A/UIFoundation
0x0000000247002000 	/System/Library/PrivateFrameworks/CollectionViewCore.framework/Versions/A/CollectionViewCore
0x000000019afa3000 	/System/Library/PrivateFrameworks/XCTTargetBootstrap.framework/Versions/A/XCTTargetBootstrap
0x0000000259935000 	/System/Library/PrivateFrameworks/GenerativeModels.framework/Versions/A/GenerativeModels
0x00000001a071a000 	/System/Library/PrivateFrameworks/InternationalSupport.framework/Versions/A/InternationalSupport
0x00000001a0a76000 	/System/Library/PrivateFrameworks/UserActivity.framework/Versions/A/UserActivity
0x0000000196032000 	/System/Library/PrivateFrameworks/BaseBoard.framework/Versions/A/BaseBoard
0x0000000250ae4000 	/System/Library/PrivateFrameworks/FrontBoard.framework/Versions/A/FrontBoard
0x00000001a8484000 	/System/Library/PrivateFrameworks/FrontBoardServices.framework/Versions/A/FrontBoardServices
0x0000000291cc5000 	/usr/lib/libRosetta.dylib
0x0000000284fd3000 	/System/Library/PrivateFrameworks/UIIntelligenceSupport.framework/Versions/A/UIIntelligenceSupport
0x000000023b30f000 	/System/Library/Frameworks/SwiftUICore.framework/Versions/A/SwiftUICore
0x000000028bb7f000 	/System/Library/PrivateFrameworks/WritingTools.framework/Versions/A/WritingTools
0x000000028a976000 	/System/Library/PrivateFrameworks/WindowManagement.framework/Versions/A/WindowManagement
0x000000018f3c5000 	/System/Library/Frameworks/SystemConfiguration.framework/Versions/A/SystemConfiguration
0x000000019f985000 	/usr/lib/libspindump.dylib
0x0000000193c3e000 	/System/Library/Frameworks/UniformTypeIdentifiers.framework/Versions/A/UniformTypeIdentifiers
0x000000019cf55000 	/usr/lib/libbsm.0.dylib
0x0000000198733000 	/usr/lib/libapp_launch_measurement.dylib
0x0000000197a3d000 	/System/Library/PrivateFrameworks/CoreAnalytics.framework/Versions/A/CoreAnalytics
0x0000000198737000 	/System/Library/PrivateFrameworks/CoreAutoLayout.framework/Versions/A/CoreAutoLayout
0x000000019a51c000 	/System/Library/Frameworks/Metal.framework/Versions/A/Metal
0x000000019b8e0000 	/usr/lib/liblangid.dylib
0x000000019afa9000 	/System/Library/PrivateFrameworks/CoreSVG.framework/Versions/A/CoreSVG
0x0000000194699000 	/System/Library/PrivateFrameworks/SkyLight.framework/Versions/A/SkyLight
0x0000000250814000 	/System/Library/PrivateFrameworks/FocusEngine.framework/Versions/A/FocusEngine
0x0000000194c50000 	/System/Library/Frameworks/CoreGraphics.framework/Versions/A/CoreGraphics
0x000000024e21d000 	/System/Library/PrivateFrameworks/DesignLibrary.framework/Versions/A/DesignLibrary
0x00000001a6705000 	/System/Library/Frameworks/Accelerate.framework/Versions/A/Accelerate
0x000000019f77a000 	/System/Library/PrivateFrameworks/IconServices.framework/Versions/A/IconServices
0x000000019a4f4000 	/System/Library/Frameworks/IOSurface.framework/Versions/A/IOSurface
0x0000000197a6d000 	/usr/lib/libDiagnosticMessagesClient.dylib
0x000000019dc4c000 	/usr/lib/libz.1.dylib
0x00000001aab60000 	/System/Library/Frameworks/ApplicationServices.framework/Versions/A/ApplicationServices
0x000000019af8e000 	/System/Library/PrivateFrameworks/DFRFoundation.framework/Versions/A/DFRFoundation
0x0000000191bae000 	/usr/lib/libicucore.A.dylib
0x00000001a1ca3000 	/System/Library/Frameworks/AudioToolbox.framework/Versions/A/AudioToolbox
0x00000001a0a24000 	/System/Library/PrivateFrameworks/DataDetectorsCore.framework/Versions/A/DataDetectorsCore
0x0000000285f20000 	/System/Library/PrivateFrameworks/UpdateCycle.framework/Versions/A/UpdateCycle
0x00000001bf6a8000 	/System/Library/PrivateFrameworks/TextInput.framework/Versions/A/TextInput
0x00000001945dd000 	/usr/lib/libMobileGestalt.dylib
0x000000019ac92000 	/System/Library/Frameworks/Carbon.framework/Versions/A/Frameworks/HIToolbox.framework/Versions/A/HIToolbox
0x0000000197f97000 	/System/Library/Frameworks/QuartzCore.framework/Versions/A/QuartzCore
0x000000019178e000 	/System/Library/Frameworks/Security.framework/Versions/A/Security
0x00000001a6074000 	/System/Library/Frameworks/Carbon.framework/Versions/A/Frameworks/SpeechRecognition.framework/Versions/A/SpeechRecognition
0x00000001983fe000 	/System/Library/PrivateFrameworks/CoreUI.framework/Versions/A/CoreUI
0x0000000190ff8000 	/System/Library/Frameworks/CoreAudio.framework/Versions/A/CoreAudio
0x0000000197b68000 	/System/Library/Frameworks/DiskArbitration.framework/Versions/A/DiskArbitration
0x000000019ff23000 	/System/Library/PrivateFrameworks/MultitouchSupport.framework/Versions/A/MultitouchSupport
0x00000001945db000 	/usr/lib/libenergytrace.dylib
0x00000001b27fe000 	/System/Library/PrivateFrameworks/RenderBox.framework/Versions/A/RenderBox
0x0000000192206000 	/System/Library/Frameworks/IOKit.framework/Versions/A/IOKit
0x00000001a6486000 	/System/Library/Frameworks/CoreServices.framework/Versions/A/CoreServices
0x00000001986ba000 	/System/Library/PrivateFrameworks/PerformanceAnalysis.framework/Versions/A/PerformanceAnalysis
0x0000000233bf5000 	/System/Library/Frameworks/OpenGL.framework/Versions/A/OpenGL
0x0000000198780000 	/usr/lib/libxml2.2.dylib
0x000000019ce36000 	/System/Library/PrivateFrameworks/MobileKeyBag.framework/Versions/A/MobileKeyBag
0x000000018da34000 	/usr/lib/libobjc.A.dylib
0x000000018ddb7000 	/usr/lib/libc++.1.dylib
0x00000001a6404000 	/System/Library/Frameworks/Accessibility.framework/Versions/A/Accessibility
0x00000001953a6000 	/System/Library/Frameworks/ColorSync.framework/Versions/A/ColorSync
0x000000018dee7000 	/System/Library/Frameworks/CoreFoundation.framework/Versions/A/CoreFoundation
0x000000019b328000 	/System/Library/Frameworks/CoreImage.framework/Versions/A/CoreImage
0x0000000190dce000 	/System/Library/Frameworks/CoreText.framework/Versions/A/CoreText
0x00000002355f6000 	/System/Library/Frameworks/CoreTransferable.framework/Versions/A/CoreTransferable
0x0000000235b11000 	/System/Library/Frameworks/DataDetection.framework/Versions/A/DataDetection
0x0000000235b28000 	/System/Library/Frameworks/DeveloperToolsSupport.framework/Versions/A/DeveloperToolsSupport
0x000000019afe7000 	/System/Library/Frameworks/ImageIO.framework/Versions/A/ImageIO
0x000000023c26c000 	/System/Library/Frameworks/Symbols.framework/Versions/A/Symbols
0x00000001c4a3e000 	/System/Library/PrivateFrameworks/AttributeGraph.framework/Versions/A/AttributeGraph
0x00000001a855e000 	/System/Library/PrivateFrameworks/BoardServices.framework/Versions/A/BoardServices
0x00000001e9d71000 	/System/Library/PrivateFrameworks/FeatureFlags.framework/Versions/A/FeatureFlags
0x0000000259de0000 	/System/Library/PrivateFrameworks/Gestures.framework/Versions/A/Gestures
0x000000019dd06000 	/System/Library/PrivateFrameworks/SoftLinking.framework/Versions/A/SoftLinking
0x00000001d3764000 	/usr/lib/swift/libswiftAccelerate.dylib
0x00000001c98a4000 	/usr/lib/swift/libswiftCompression.dylib
0x00000001a15f7000 	/usr/lib/swift/libswiftCore.dylib
0x00000001bb8c0000 	/usr/lib/swift/libswiftCoreFoundation.dylib
0x00000001bb920000 	/usr/lib/swift/libswiftCoreImage.dylib
0x00000001a81fd000 	/usr/lib/swift/libswiftDispatch.dylib
0x00000001bb921000 	/usr/lib/swift/libswiftIOKit.dylib
0x00000001c9896000 	/usr/lib/swift/libswiftMetal.dylib
0x00000001d90a8000 	/usr/lib/swift/libswiftOSLog.dylib
0x00000001ab1d7000 	/usr/lib/swift/libswiftObjectiveC.dylib
0x0000000293434000 	/usr/lib/swift/libswiftObservation.dylib
0x00000001cecbc000 	/usr/lib/swift/libswiftQuartzCore.dylib
0x00000002934f6000 	/usr/lib/swift/libswiftSpatial.dylib
0x0000000293570000 	/usr/lib/swift/libswiftSynchronization.dylib
0x00000001d3754000 	/usr/lib/swift/libswiftUniformTypeIdentifiers.dylib
0x00000001bb8d3000 	/usr/lib/swift/libswiftXPC.dylib
0x00000002935b6000 	/usr/lib/swift/libswift_Builtin_float.dylib
0x00000002935b7000 	/usr/lib/swift/libswift_Concurrency.dylib
0x00000001ab1db000 	/usr/lib/swift/libswiftos.dylib
0x00000001bf41a000 	/usr/lib/swift/libswiftsimd.dylib
0x000000019dfad000 	/usr/lib/libcompression.dylib
0x00000001a0683000 	/System/Library/PrivateFrameworks/TextureIO.framework/Versions/A/TextureIO
0x000000019554e000 	/System/Library/Frameworks/ApplicationServices.framework/Versions/A/Frameworks/HIServices.framework/Versions/A/HIServices
0x000000019f404000 	/usr/lib/libate.dylib
0x000000019dcfc000 	/usr/lib/system/libcache.dylib
0x000000019dcb7000 	/usr/lib/system/libcommonCrypto.dylib
0x000000019dce2000 	/usr/lib/system/libcompiler_rt.dylib
0x000000019dcd7000 	/usr/lib/system/libcopyfile.dylib
0x000000018dbea000 	/usr/lib/system/libcorecrypto.dylib
0x000000018dcea000 	/usr/lib/system/libdispatch.dylib
0x000000018da87000 	/usr/lib/system/libdyld.dylib
0x000000019dcf2000 	/usr/lib/system/libkeymgr.dylib
0x000000019dc9a000 	/usr/lib/system/libmacho.dylib
0x000000019cf2d000 	/usr/lib/system/libquarantine.dylib
0x000000019dcef000 	/usr/lib/system/libremovefile.dylib
0x000000019465d000 	/usr/lib/system/libsystem_asl.dylib
0x000000018db70000 	/usr/lib/system/libsystem_blocks.dylib
0x000000018dd35000 	/usr/lib/system/libsystem_c.dylib
0x000000019dce6000 	/usr/lib/system/libsystem_collections.dylib
0x000000019b8cd000 	/usr/lib/system/libsystem_configuration.dylib
0x000000019a4bb000 	/usr/lib/system/libsystem_containermanager.dylib
0x000000019d6cc000 	/usr/lib/system/libsystem_coreservices.dylib
0x0000000191e84000 	/usr/lib/system/libsystem_darwin.dylib
0x00000002938d8000 	/usr/lib/system/libsystem_darwindirectory.dylib
0x000000019dcf3000 	/usr/lib/system/libsystem_dnssd.dylib
0x00000002938dc000 	/usr/lib/system/libsystem_eligibility.dylib
0x000000018dd32000 	/usr/lib/system/libsystem_featureflags.dylib
0x000000018deb7000 	/usr/lib/system/libsystem_info.dylib
0x000000019dc5b000 	/usr/lib/system/libsystem_m.dylib
0x000000018dc99000 	/usr/lib/system/libsystem_malloc.dylib
0x00000001945c0000 	/usr/lib/system/libsystem_networkextension.dylib
0x00000001922ef000 	/usr/lib/system/libsystem_notify.dylib
0x000000019b8d2000 	/usr/lib/system/libsystem_sandbox.dylib
0x00000002938e7000 	/usr/lib/system/libsystem_sanitizers.dylib
0x000000019dceb000 	/usr/lib/system/libsystem_secinit.dylib
0x000000018de63000 	/usr/lib/system/libsystem_kernel.dylib
0x000000018deae000 	/usr/lib/system/libsystem_platform.dylib
0x000000018dea1000 	/usr/lib/system/libsystem_pthread.dylib
0x0000000196216000 	/usr/lib/system/libsystem_symptoms.dylib
0x000000018dbc9000 	/usr/lib/system/libsystem_trace.dylib
0x00000002938ef000 	/usr/lib/system/libsystem_trial.dylib
0x000000019dcc5000 	/usr/lib/system/libunwind.dylib
0x000000018db74000 	/usr/lib/system/libxpc.dylib
0x000000018de48000 	/usr/lib/libc++abi.dylib
0x0000000293141000 	/usr/lib/libswiftPrespecialized.dylib
0x000000019dd04000 	/usr/lib/libfakelink.dylib
0x000000019420a000 	/System/Library/Frameworks/CFNetwork.framework/Versions/A/CFNetwork
0x000000019dd57000 	/usr/lib/libarchive.2.dylib
0x00000001a40f8000 	/System/Library/Frameworks/Combine.framework/Versions/A/Combine
0x0000000247027000 	/System/Library/PrivateFrameworks/CollectionsInternal.framework/Versions/A/CollectionsInternal
0x000000027306d000 	/System/Library/PrivateFrameworks/ReflectionInternal.framework/Versions/A/ReflectionInternal
0x0000000273fc1000 	/System/Library/PrivateFrameworks/RuntimeInternal.framework/Versions/A/RuntimeInternal
0x00000001b8683000 	/usr/lib/swift/libswiftDarwin.dylib
0x0000000293584000 	/usr/lib/swift/libswiftSystem.dylib
0x0000000293643000 	/usr/lib/swift/libswift_DarwinFoundation1.dylib
0x00000002936e7000 	/usr/lib/swift/libswift_StringProcessing.dylib
0x0000000192186000 	/System/Library/PrivateFrameworks/CoreServicesInternal.framework/Versions/A/CoreServicesInternal
0x000000019dccf000 	/usr/lib/liboah.dylib
0x00000001aa60b000 	/System/Library/PrivateFrameworks/DiskImages.framework/Versions/A/DiskImages
0x00000001b8127000 	/System/Library/Frameworks/NetFS.framework/Versions/A/NetFS
0x00000001986fc000 	/System/Library/Frameworks/CoreServices.framework/Versions/A/Frameworks/FSEvents.framework/Versions/A/FSEvents
0x0000000191e8e000 	/System/Library/Frameworks/CoreServices.framework/Versions/A/Frameworks/CarbonCore.framework/Versions/A/CarbonCore
0x0000000197adc000 	/System/Library/Frameworks/CoreServices.framework/Versions/A/Frameworks/Metadata.framework/Versions/A/Metadata
0x000000019d6d3000 	/System/Library/Frameworks/CoreServices.framework/Versions/A/Frameworks/OSServices.framework/Versions/A/OSServices
0x000000019de4f000 	/System/Library/Frameworks/CoreServices.framework/Versions/A/Frameworks/SearchKit.framework/Versions/A/SearchKit
0x0000000196190000 	/System/Library/Frameworks/CoreServices.framework/Versions/A/Frameworks/AE.framework/Versions/A/AE
0x000000018e446000 	/System/Library/Frameworks/CoreServices.framework/Versions/A/Frameworks/LaunchServices.framework/Versions/A/LaunchServices
0x000000019f258000 	/System/Library/Frameworks/CoreServices.framework/Versions/A/Frameworks/DictionaryServices.framework/Versions/A/DictionaryServices
0x0000000198709000 	/System/Library/Frameworks/CoreServices.framework/Versions/A/Frameworks/SharedFileList.framework/Versions/A/SharedFileList
0x000000019dee2000 	/usr/lib/libapple_nghttp2.dylib
0x0000000195dac000 	/usr/lib/libsqlite3.dylib
0x0000000195f95000 	/System/Library/Frameworks/Accounts.framework/Versions/A/Accounts
0x00000001aa84d000 	/System/Library/PrivateFrameworks/AppSupport.framework/Versions/A/AppSupport
0x00000001ba672000 	/System/Library/Frameworks/AVFoundation.framework/Versions/A/AVFoundation
0x00000001a2332000 	/System/Library/Frameworks/GSS.framework/Versions/A/GSS
0x0000000196124000 	/System/Library/PrivateFrameworks/RunningBoardServices.framework/Versions/A/RunningBoardServices
0x00000001ab15f000 	/System/Library/PrivateFrameworks/StreamingZip.framework/Versions/A/StreamingZip
0x000000019621f000 	/System/Library/Frameworks/Network.framework/Versions/A/Network
0x000000019dc9e000 	/usr/lib/system/libkxld.dylib
0x00000002425f9000 	/System/Library/PrivateFrameworks/AppleKeyStore.framework/Versions/A/AppleKeyStore
0x00000002919c7000 	/usr/lib/libCoreEntitlements.dylib
0x0000000267739000 	/System/Library/PrivateFrameworks/MessageSecurity.framework/Versions/A/MessageSecurity
0x0000000195d90000 	/System/Library/PrivateFrameworks/ProtocolBuffer.framework/Versions/A/ProtocolBuffer
0x00000001a760c000 	/System/Library/PrivateFrameworks/SymptomDiagnosticReporter.framework/Versions/A/SymptomDiagnosticReporter
0x000000019f49d000 	/System/Library/PrivateFrameworks/CrashReporterSupport.framework/Versions/A/CrashReporterSupport
0x000000019d6b3000 	/System/Library/PrivateFrameworks/AppleFSCompression.framework/Versions/A/AppleFSCompression
0x000000019cf3d000 	/usr/lib/libcoretls.dylib
0x000000019f2ce000 	/usr/lib/libcoretls_cfhelpers.dylib
0x000000019dfa7000 	/usr/lib/libpam.2.dylib
0x000000019f344000 	/usr/lib/libxar.1.dylib
0x000000019f2d0000 	/System/Library/PrivateFrameworks/APFS.framework/Versions/A/APFS
0x000000027f747000 	/System/Library/PrivateFrameworks/SwiftASN1Internal.framework/Versions/A/SwiftASN1Internal
0x000000019f353000 	/usr/lib/libutil.dylib
0x000000019b8db000 	/System/Library/PrivateFrameworks/AppleSystemInfo.framework/Versions/A/AppleSystemInfo
0x000000019cc04000 	/System/Library/PrivateFrameworks/IOMobileFramebuffer.framework/Versions/A/IOMobileFramebuffer
0x00000001a9f6b000 	/System/Library/PrivateFrameworks/CoreWiFi.framework/Versions/A/CoreWiFi
0x00000001bb780000 	/System/Library/PrivateFrameworks/LoggingSupport.framework/Versions/A/LoggingSupport
0x00000001a2395000 	/System/Library/PrivateFrameworks/MobileAsset.framework/Versions/A/MobileAsset
0x00000001a761c000 	/System/Library/PrivateFrameworks/PowerLog.framework/Versions/A/PowerLog
0x00000001a8ade000 	/System/Library/PrivateFrameworks/Rapport.framework/Versions/A/Rapport
0x000000023b1a2000 	/System/Library/Frameworks/SwiftData.framework/Versions/A/SwiftData
0x0000000198929000 	/System/Library/PrivateFrameworks/UserManagement.framework/Versions/A/UserManagement
0x0000000194131000 	/usr/lib/libboringssl.dylib
0x0000000196204000 	/usr/lib/libdns_services.dylib
0x00000001ba7a6000 	/usr/lib/libquic.dylib
0x00000001a1588000 	/usr/lib/libusrtcp.dylib
0x00000002434b3000 	/System/Library/PrivateFrameworks/AtomicsInternal.framework/Versions/A/AtomicsInternal
0x00000001e1b66000 	/System/Library/PrivateFrameworks/InternalSwiftProtobuf.framework/Versions/A/InternalSwiftProtobuf
0x000000029340b000 	/usr/lib/swift/libswiftDistributed.dylib
0x000000019b8d9000 	/System/Library/PrivateFrameworks/AggregateDictionary.framework/Versions/A/AggregateDictionary
0x0000000243ce3000 	/System/Library/PrivateFrameworks/BiomeLibrary.framework/Versions/A/BiomeLibrary
0x00000001ca909000 	/System/Library/PrivateFrameworks/BiomeStreams.framework/Versions/A/BiomeStreams
0x00000001c6958000 	/System/Library/PrivateFrameworks/BiomeFoundation.framework/Versions/A/BiomeFoundation
0x00000001d0bb6000 	/System/Library/PrivateFrameworks/BiomePubSub.framework/Versions/A/BiomePubSub
0x00000001ac142000 	/System/Library/PrivateFrameworks/ProactiveSupport.framework/Versions/A/ProactiveSupport
0x000000023d200000 	/System/Library/Frameworks/_LocationEssentials.framework/Versions/A/_LocationEssentials
0x000000019f2af000 	/usr/lib/liblzma.5.dylib
0x00000001aab61000 	/System/Library/PrivateFrameworks/InternationalTextSearch.framework/Versions/A/InternationalTextSearch
0x00000001c2e2b000 	/System/Library/PrivateFrameworks/SoftwareUpdateCoreSupport.framework/Versions/A/SoftwareUpdateCoreSupport
0x00000001cb3a8000 	/System/Library/PrivateFrameworks/SoftwareUpdateCoreConnect.framework/Versions/A/SoftwareUpdateCoreConnect
0x00000001aa705000 	/System/Library/PrivateFrameworks/RemoteServiceDiscovery.framework/Versions/A/RemoteServiceDiscovery
0x00000001c2a02000 	/System/Library/PrivateFrameworks/MSUDataAccessor.framework/Versions/A/MSUDataAccessor
0x00000001bd953000 	/usr/lib/libbootpolicy.dylib
0x00000001aa71c000 	/System/Library/PrivateFrameworks/RemoteXPC.framework/Versions/A/RemoteXPC
0x00000001ca7dd000 	/usr/lib/libFDR.dylib
0x00000001d07b8000 	/usr/lib/libamsupport.dylib
0x0000000291cbd000 	/usr/lib/libReverseProxyDevice.dylib
0x0000000241e67000 	/System/Library/PrivateFrameworks/AppleDeviceQuerySupport.framework/Versions/A/AppleDeviceQuerySupport
0x00000001d3982000 	/usr/lib/libpartition2_dynamic.dylib
0x000000019debe000 	/System/Library/PrivateFrameworks/AppleSauce.framework/Versions/A/AppleSauce
0x0000000291872000 	/usr/lib/libAppleArchive.dylib
0x000000019d6bf000 	/usr/lib/libbz2.1.0.dylib
0x0000000197b72000 	/System/Library/Frameworks/Accelerate.framework/Versions/A/Frameworks/vImage.framework/Versions/A/vImage
0x00000001a6461000 	/System/Library/Frameworks/Accelerate.framework/Versions/A/Frameworks/vecLib.framework/Versions/A/vecLib
0x000000019f38a000 	/System/Library/Frameworks/Accelerate.framework/Versions/A/Frameworks/vecLib.framework/Versions/A/libvMisc.dylib
0x000000018e94a000 	/System/Library/Frameworks/Accelerate.framework/Versions/A/Frameworks/vecLib.framework/Versions/A/libBLAS.dylib
0x0000000198867000 	/System/Library/Frameworks/CoreVideo.framework/Versions/A/CoreVideo
0x00000001a1f42000 	/System/Library/Frameworks/ApplicationServices.framework/Versions/A/Frameworks/ATS.framework/Versions/A/ATS
0x00000001a0610000 	/System/Library/Frameworks/ApplicationServices.framework/Versions/A/Frameworks/PrintCore.framework/Versions/A/PrintCore
0x00000001a22fb000 	/System/Library/Frameworks/ApplicationServices.framework/Versions/A/Frameworks/QD.framework/Versions/A/QD
0x00000001a22f6000 	/System/Library/Frameworks/ApplicationServices.framework/Versions/A/Frameworks/ColorSyncLegacy.framework/Versions/A/ColorSyncLegacy
0x00000001a1f14000 	/System/Library/Frameworks/ApplicationServices.framework/Versions/A/Frameworks/SpeechSynthesis.framework/Versions/A/SpeechSynthesis
0x000000019a9c2000 	/System/Library/PrivateFrameworks/FontServices.framework/libFontParser.dylib
0x00000001aa42d000 	/System/Library/PrivateFrameworks/BackBoardServices.framework/Versions/A/BackBoardServices
0x0000000243be8000 	/System/Library/PrivateFrameworks/BackBoardHIDEventFoundation.framework/Versions/A/BackBoardHIDEventFoundation
0x00000001908ea000 	/System/Library/Frameworks/CoreDisplay.framework/Versions/A/CoreDisplay
0x000000019ff69000 	/System/Library/Frameworks/VideoToolbox.framework/Versions/A/VideoToolbox
0x000000019dfa5000 	/System/Library/Frameworks/MetalPerformanceShaders.framework/Versions/A/MetalPerformanceShaders
0x0000000271f77000 	/System/Library/PrivateFrameworks/ProDisplayLibrary.framework/Versions/A/ProDisplayLibrary
0x00000001ae262000 	/System/Library/PrivateFrameworks/IOSurfaceAccelerator.framework/Versions/A/IOSurfaceAccelerator
0x000000019a511000 	/System/Library/PrivateFrameworks/IOAccelerator.framework/Versions/A/IOAccelerator
0x000000019a820000 	/System/Library/Frameworks/CoreMedia.framework/Versions/A/CoreMedia
0x0000000194675000 	/System/Library/PrivateFrameworks/TCC.framework/Versions/A/TCC
0x000000019ff21000 	/System/Library/PrivateFrameworks/WatchdogClient.framework/Versions/A/WatchdogClient
0x00000001bb8a0000 	/usr/lib/swift/libswiftCoreAudio.dylib
0x00000001d78f5000 	/usr/lib/swift/libswiftCoreMedia.dylib
0x000000029359e000 	/usr/lib/swift/libswiftVideoToolbox.dylib
0x00000001d0c17000 	/System/Library/PrivateFrameworks/BiomeStorage.framework/Versions/A/BiomeStorage
0x0000000260428000 	/System/Library/PrivateFrameworks/IntelligencePlatformLibrary.framework/Versions/A/IntelligencePlatformLibrary
0x0000000270d3b000 	/System/Library/PrivateFrameworks/PoirotSchematizer.framework/Versions/A/PoirotSchematizer
0x000000024459e000 	/System/Library/PrivateFrameworks/BiomeSync.framework/Versions/A/BiomeSync
0x0000000243cc9000 	/System/Library/PrivateFrameworks/BiomeDSL.framework/Versions/A/BiomeDSL
0x0000000270da9000 	/System/Library/PrivateFrameworks/PoirotUDFs.framework/Versions/A/PoirotUDFs
0x0000000293646000 	/usr/lib/swift/libswift_DarwinFoundation2.dylib
0x0000000293647000 	/usr/lib/swift/libswift_DarwinFoundation3.dylib
0x00000001a8ad3000 	/System/Library/PrivateFrameworks/CoreTime.framework/Versions/A/CoreTime
0x000000019dd3c000 	/usr/lib/libiconv.2.dylib
0x000000019dc99000 	/usr/lib/libcharset.1.dylib
0x0000000270cfe000 	/System/Library/PrivateFrameworks/PoirotSQLite.framework/Versions/A/PoirotSQLite
0x0000000293648000 	/usr/lib/swift/libswift_RegexParser.dylib
0x0000000245bd4000 	/System/Library/PrivateFrameworks/CascadeSets.framework/Versions/A/CascadeSets
0x00000001a250c000 	/System/Library/PrivateFrameworks/CorePhoneNumbers.framework/Versions/A/CorePhoneNumbers
0x000000019fd1b000 	/System/Library/PrivateFrameworks/AppleJPEG.framework/Versions/A/AppleJPEG
0x000000019f6f4000 	/usr/lib/libexpat.1.dylib
0x00000001a04e6000 	/System/Library/Frameworks/ImageIO.framework/Versions/A/Resources/libPng.dylib
0x00000001a0511000 	/System/Library/Frameworks/ImageIO.framework/Versions/A/Resources/libTIFF.dylib
0x00000001a05f9000 	/System/Library/Frameworks/ImageIO.framework/Versions/A/Resources/libGIF.dylib
0x000000019fd60000 	/System/Library/Frameworks/ImageIO.framework/Versions/A/Resources/libJP2.dylib
0x00000001a05a0000 	/System/Library/Frameworks/ImageIO.framework/Versions/A/Resources/libJPEG.dylib
0x00000001a0597000 	/System/Library/Frameworks/ImageIO.framework/Versions/A/Resources/libRadiance.dylib
0x0000000256078000 	/System/Library/PrivateFrameworks/GPUCompiler.framework/Versions/32023/Libraries/libllvm-flatbuffers.dylib
0x0000000250ad7000 	/System/Library/PrivateFrameworks/FramePacing.framework/Versions/A/FramePacing
0x0000000233be7000 	/System/Library/Frameworks/OpenGL.framework/Versions/A/Libraries/libCoreFSCache.dylib
0x0000000251c05000 	/System/Library/PrivateFrameworks/GPUCompiler.framework/Versions/32023/Libraries/libGPUCompilerUtils.dylib
0x00000001a862b000 	/System/Library/PrivateFrameworks/GraphicsServices.framework/Versions/A/GraphicsServices
0x0000000233c46000 	/System/Library/Frameworks/OpenGL.framework/Versions/A/Libraries/libGLU.dylib
0x0000000233c09000 	/System/Library/Frameworks/OpenGL.framework/Versions/A/Libraries/libGFXShared.dylib
0x0000000233dd6000 	/System/Library/Frameworks/OpenGL.framework/Versions/A/Libraries/libGL.dylib
0x0000000233c12000 	/System/Library/Frameworks/OpenGL.framework/Versions/A/Libraries/libGLImage.dylib
0x0000000233c06000 	/System/Library/Frameworks/OpenGL.framework/Versions/A/Libraries/libCVMSPluginSupport.dylib
0x0000000233bef000 	/System/Library/Frameworks/OpenGL.framework/Versions/A/Libraries/libCoreVMClient.dylib
0x00000001a0592000 	/System/Library/PrivateFrameworks/GPUWrangler.framework/Versions/A/GPUWrangler
0x00000001a0572000 	/System/Library/PrivateFrameworks/IOPresentment.framework/Versions/A/IOPresentment
0x00000001a059a000 	/System/Library/PrivateFrameworks/DSExternalDisplay.framework/Versions/A/DSExternalDisplay
0x00000002875fd000 	/System/Library/PrivateFrameworks/VideoToolboxParavirtualizationSupport.framework/Versions/A/VideoToolboxParavirtualizationSupport
0x000000019f6ab000 	/System/Library/PrivateFrameworks/AppleVA.framework/Versions/A/AppleVA
0x0000000235c72000 	/System/Library/Frameworks/ExtensionFoundation.framework/Versions/A/ExtensionFoundation
0x00000001a05ff000 	/System/Library/PrivateFrameworks/CMCaptureCore.framework/Versions/A/CMCaptureCore
0x000000019f978000 	/System/Library/PrivateFrameworks/AppServerSupport.framework/Versions/A/AppServerSupport
0x00000001a2304000 	/System/Library/PrivateFrameworks/perfdata.framework/Versions/A/perfdata
0x0000000190a0b000 	/System/Library/PrivateFrameworks/AudioToolboxCore.framework/Versions/A/AudioToolboxCore
0x000000019a7f6000 	/System/Library/PrivateFrameworks/caulk.framework/Versions/A/caulk
0x00000001a1efa000 	/usr/lib/libAudioStatistics.dylib
0x00000001ba89b000 	/System/Library/PrivateFrameworks/SystemPolicy.framework/Versions/A/SystemPolicy
0x00000001a21a8000 	/usr/lib/libSMC.dylib
0x00000001c2211000 	/usr/lib/swift/libswiftCoreMIDI.dylib
0x00000001ad551000 	/System/Library/Frameworks/CoreMIDI.framework/Versions/A/CoreMIDI
0x00000001a04c0000 	/usr/lib/libAudioToolboxUtility.dylib
0x00000001a2312000 	/usr/lib/libperfcheck.dylib
0x0000000243582000 	/System/Library/PrivateFrameworks/AudioAnalytics.framework/Versions/A/AudioAnalytics
0x00000001e1852000 	/System/Library/Frameworks/OSLog.framework/Versions/A/OSLog
0x000000026c7ab000 	/System/Library/PrivateFrameworks/OSEligibility.framework/Versions/A/OSEligibility
0x0000000237059000 	/System/Library/Frameworks/LightweightCodeRequirements.framework/Versions/A/LightweightCodeRequirements
0x000000019f5f4000 	/System/Library/PrivateFrameworks/PlugInKit.framework/Versions/A/PlugInKit
0x000000019ce4e000 	/System/Library/PrivateFrameworks/AssertionServices.framework/Versions/A/AssertionServices
0x000000019f719000 	/System/Library/PrivateFrameworks/IconFoundation.framework/Versions/A/IconFoundation
0x000000025cfb4000 	/System/Library/PrivateFrameworks/IconRendering.framework/Versions/A/IconRendering
0x00000002741a6000 	/System/Library/PrivateFrameworks/SFSymbols.framework/Versions/A/SFSymbols
0x000000019f928000 	/System/Library/PrivateFrameworks/GraphVisualizer.framework/Versions/A/GraphVisualizer
0x00000002509e2000 	/System/Library/PrivateFrameworks/FontServices.framework/Versions/A/FontServices
0x000000019f938000 	/System/Library/PrivateFrameworks/OTSVG.framework/Versions/A/OTSVG
0x00000001983ad000 	/System/Library/Frameworks/ApplicationServices.framework/Versions/A/Frameworks/ATS.framework/Versions/A/Resources/libFontRegistry.dylib
0x0000000292797000 	/usr/lib/libhvf.dylib
0x000000026d438000 	/System/Library/PrivateFrameworks/ParsingInternal.framework/Versions/A/ParsingInternal
0x00000002509e6000 	/System/Library/PrivateFrameworks/FontServices.framework/libXTFontStaticRegistryData.dylib
0x000000019b813000 	/System/Library/Frameworks/MetalPerformanceShaders.framework/Versions/A/Frameworks/MPSCore.framework/Versions/A/MPSCore
0x000000019d61e000 	/System/Library/Frameworks/MetalPerformanceShaders.framework/Versions/A/Frameworks/MPSImage.framework/Versions/A/MPSImage
0x000000019cfdd000 	/System/Library/Frameworks/MetalPerformanceShaders.framework/Versions/A/Frameworks/MPSNeuralNetwork.framework/Versions/A/MPSNeuralNetwork
0x000000019d41c000 	/System/Library/Frameworks/MetalPerformanceShaders.framework/Versions/A/Frameworks/MPSMatrix.framework/Versions/A/MPSMatrix
0x000000019d234000 	/System/Library/Frameworks/MetalPerformanceShaders.framework/Versions/A/Frameworks/MPSRayIntersector.framework/Versions/A/MPSRayIntersector
0x000000019d44e000 	/System/Library/Frameworks/MetalPerformanceShaders.framework/Versions/A/Frameworks/MPSNDArray.framework/Versions/A/MPSNDArray
0x0000000237ede000 	/System/Library/Frameworks/MetalPerformanceShaders.framework/Versions/A/Frameworks/MPSFunctions.framework/Versions/A/MPSFunctions
0x0000000237ebf000 	/System/Library/Frameworks/MetalPerformanceShaders.framework/Versions/A/Frameworks/MPSBenchmarkLoop.framework/Versions/A/MPSBenchmarkLoop
0x0000000237ef2000 	/System/Library/Frameworks/MetalPerformanceShaders.framework/Versions/A/Frameworks/MPSHost.framework/Versions/A/MPSHost
0x000000018e761000 	/System/Library/PrivateFrameworks/MetalTools.framework/Versions/A/MetalTools
0x00000001c0b41000 	/System/Library/PrivateFrameworks/IOAccelMemoryInfo.framework/Versions/A/IOAccelMemoryInfo
0x00000001cf0af000 	/System/Library/PrivateFrameworks/kperf.framework/Versions/A/kperf
0x00000001bb89c000 	/System/Library/PrivateFrameworks/GPURawCounter.framework/Versions/A/GPURawCounter
0x00000001ac2cd000 	/System/Library/PrivateFrameworks/ASEProcessing.framework/Versions/A/ASEProcessing
0x00000001dd1be000 	/System/Library/PrivateFrameworks/Symbolication.framework/Versions/A/Symbolication
0x00000002708e9000 	/System/Library/PrivateFrameworks/PhotosensitivityProcessing.framework/Versions/A/PhotosensitivityProcessing
0x000000027422c000 	/System/Library/PrivateFrameworks/SILManager.framework/Versions/A/SILManager
0x00000001a8977000 	/System/Library/PrivateFrameworks/CoreSymbolication.framework/Versions/A/CoreSymbolication
0x00000001bb80f000 	/System/Library/PrivateFrameworks/MallocStackLogging.framework/Versions/A/MallocStackLogging
0x00000001a8955000 	/System/Library/PrivateFrameworks/DebugSymbols.framework/Versions/A/DebugSymbols
0x00000001cd800000 	/System/Library/PrivateFrameworks/OSAnalytics.framework/Versions/A/OSAnalytics
0x000000024e73d000 	/System/Library/PrivateFrameworks/DeviceRecovery.framework/Versions/A/DeviceRecovery
0x0000000282e85000 	/System/Library/PrivateFrameworks/Tightbeam.framework/Versions/A/Tightbeam
0x00000001d3ef1000 	/System/Library/PrivateFrameworks/AFKUser.framework/Versions/A/AFKUser
0x000000019da90000 	/System/Library/Frameworks/UserNotifications.framework/Versions/A/UserNotifications
0x00000001c12d8000 	/System/Library/PrivateFrameworks/SiriInstrumentation.framework/Versions/A/SiriInstrumentation
0x00000002766bc000 	/System/Library/PrivateFrameworks/SiriAnalytics.framework/Versions/A/SiriAnalytics
0x00000001bea37000 	/System/Library/PrivateFrameworks/FeedbackLogger.framework/Versions/A/FeedbackLogger
0x00000001d9341000 	/usr/lib/swift/libswiftAVFoundation.dylib
0x00000002856ae000 	/System/Library/PrivateFrameworks/UnifiedAssetFramework.framework/Versions/A/UnifiedAssetFramework
0x00000001a1e79000 	/System/Library/PrivateFrameworks/AudioSession.framework/Versions/A/AudioSession
0x000000019f839000 	/System/Library/PrivateFrameworks/MediaExperience.framework/Versions/A/MediaExperience
0x00000001a1c4d000 	/System/Library/PrivateFrameworks/AudioSession.framework/libSessionUtility.dylib
0x00000001a7501000 	/System/Library/Frameworks/CoreBluetooth.framework/Versions/A/CoreBluetooth
0x000000019ccc1000 	/System/Library/PrivateFrameworks/CoreUtils.framework/Versions/A/CoreUtils
0x00000001b3532000 	/System/Library/PrivateFrameworks/HID.framework/Versions/A/HID
0x000000024d62e000 	/System/Library/PrivateFrameworks/CoreUtilsExtras.framework/Versions/A/CoreUtilsExtras
0x000000025cf09000 	/System/Library/PrivateFrameworks/IO80211.framework/Versions/A/IO80211
0x00000001a3e44000 	/System/Library/Frameworks/IOBluetooth.framework/Versions/A/IOBluetooth
0x0000000293453000 	/usr/lib/swift/libswiftRegexBuilder.dylib
0x000000019f494000 	/usr/lib/libIOReport.dylib
0x00000001e9df6000 	/System/Library/PrivateFrameworks/WiFiPeerToPeer.framework/Versions/A/WiFiPeerToPeer
0x000000019ce5d000 	/System/Library/Frameworks/SecurityFoundation.framework/Versions/A/SecurityFoundation
0x0000000245c88000 	/System/Library/PrivateFrameworks/Centauri.framework/Versions/A/Centauri
0x000000018f145000 	/System/Library/PrivateFrameworks/Lexicon.framework/Versions/A/Lexicon
0x0000000292be7000 	/usr/lib/libmrc.dylib
0x000000025cf74000 	/System/Library/PrivateFrameworks/IPConfiguration.framework/Versions/A/IPConfiguration
0x00000001dd995000 	/System/Library/PrivateFrameworks/Netrb.framework/Versions/A/Netrb
0x000000019cfc6000 	/usr/lib/libgermantok.dylib
0x000000019ba02000 	/System/Library/PrivateFrameworks/LinguisticData.framework/Versions/A/LinguisticData
0x00000001a770a000 	/System/Library/PrivateFrameworks/MediaKit.framework/Versions/A/MediaKit
0x00000001a7658000 	/System/Library/Frameworks/DiscRecording.framework/Versions/A/DiscRecording
0x000000019f70f000 	/usr/lib/libheimdal-asn1.dylib
0x00000001ab135000 	/System/Library/Frameworks/AudioUnit.framework/Versions/A/AudioUnit
0x00000001986c4000 	/System/Library/Frameworks/OpenDirectory.framework/Versions/A/OpenDirectory
0x00000001986d2000 	/System/Library/Frameworks/OpenDirectory.framework/Versions/A/Frameworks/CFOpenDirectory.framework/Versions/A/CFOpenDirectory
0x00000001a41ec000 	/System/Library/PrivateFrameworks/GeoServices.framework/Versions/A/GeoServices
0x00000001a1c13000 	/System/Library/PrivateFrameworks/LocationSupport.framework/Versions/A/LocationSupport
0x0000000259c32000 	/System/Library/PrivateFrameworks/GeoServicesCore.framework/Versions/A/GeoServicesCore
0x00000001b4436000 	/System/Library/PrivateFrameworks/PhoneNumbers.framework/Versions/A/PhoneNumbers
0x00000002623ba000 	/System/Library/PrivateFrameworks/LocationLogEncryption.framework/Versions/A/LocationLogEncryption
0x0000000234162000 	/System/Library/Frameworks/AVFAudio.framework/Versions/A/AVFAudio
0x00000002342a6000 	/System/Library/Frameworks/AVRouting.framework/Versions/A/AVRouting
0x00000001b454e000 	/usr/lib/libAccessibility.dylib
0x0000000260da4000 	/System/Library/PrivateFrameworks/IsolatedCoreAudioClient.framework/Versions/A/IsolatedCoreAudioClient
0x0000000249422000 	/System/Library/PrivateFrameworks/CoreAudioOrchestration.framework/Versions/A/CoreAudioOrchestration
0x00000001a0ae7000 	/System/Library/Frameworks/MediaToolbox.framework/Versions/A/MediaToolbox
0x00000001a7830000 	/System/Library/PrivateFrameworks/CoreAVCHD.framework/Versions/A/CoreAVCHD
0x00000001a6754000 	/System/Library/Frameworks/MediaAccessibility.framework/Versions/A/MediaAccessibility
0x00000001a782c000 	/System/Library/PrivateFrameworks/Mangrove.framework/Versions/A/Mangrove
0x00000002452c4000 	/System/Library/PrivateFrameworks/CMPhoto.framework/Versions/A/CMPhoto
0x00000001a7ff9000 	/System/Library/Frameworks/CoreTelephony.framework/Versions/A/CoreTelephony
0x00000001a781f000 	/System/Library/PrivateFrameworks/CoreAUC.framework/Versions/A/CoreAUC
0x000000024242a000 	/System/Library/PrivateFrameworks/AppleJPEGXL.framework/Versions/A/AppleJPEGXL
0x00000001a251c000 	/usr/lib/libTelephonyUtilDynamic.dylib
0x00000001e4973000 	/System/Library/Frameworks/CryptoKit.framework/Versions/A/CryptoKit
0x00000001ab130000 	/System/Library/PrivateFrameworks/CryptoKitCBridging.framework/Versions/A/CryptoKitCBridging
0x00000001a863d000 	/System/Library/Frameworks/CryptoTokenKit.framework/Versions/A/CryptoTokenKit
0x000000024e1ad000 	/System/Library/PrivateFrameworks/Dendrite.framework/Versions/A/Dendrite
0x00000001bb440000 	/System/Library/Frameworks/NaturalLanguage.framework/Versions/A/NaturalLanguage
0x00000001e9d7d000 	/usr/lib/swift/libswiftNaturalLanguage.dylib
0x0000000242fa1000 	/System/Library/PrivateFrameworks/AppleMobileFileIntegrity.framework/Versions/A/AppleMobileFileIntegrity
0x0000000291d35000 	/usr/lib/libTLE.dylib
0x00000001bb841000 	/usr/lib/libmis.dylib
0x00000001f34c5000 	/System/Library/PrivateFrameworks/ConfigProfileHelper.framework/Versions/A/ConfigProfileHelper
0x00000001ab2bf000 	/System/Library/PrivateFrameworks/Espresso.framework/Versions/A/Espresso
0x0000000198e54000 	/System/Library/Frameworks/CoreML.framework/Versions/A/CoreML
0x00000001e7c29000 	/usr/lib/libedit.3.dylib
0x0000000230f70000 	/System/Library/PrivateFrameworks/ANECompiler.framework/Versions/A/ANECompiler
0x00000001ad395000 	/System/Library/PrivateFrameworks/AppleNeuralEngine.framework/Versions/A/AppleNeuralEngine
0x00000002624d8000 	/System/Library/PrivateFrameworks/MIL.framework/Versions/A/MIL
0x0000000237ef8000 	/System/Library/Frameworks/MetalPerformanceShadersGraph.framework/Versions/A/MetalPerformanceShadersGraph
0x0000000262c47000 	/System/Library/PrivateFrameworks/MLCompilerServices.framework/Versions/A/MLCompilerServices
0x00000001ac111000 	/System/Library/PrivateFrameworks/ANEServices.framework/Versions/A/ANEServices
0x00000001c0b04000 	/usr/lib/libncurses.5.4.dylib
0x0000000192302000 	/usr/lib/libsandbox.1.dylib
0x000000019f635000 	/usr/lib/libMatch.1.dylib
0x000000026c52d000 	/System/Library/PrivateFrameworks/ODIE.framework/Versions/A/ODIE
0x00000002658d4000 	/System/Library/PrivateFrameworks/MLModelAsset.framework/Versions/A/MLModelAsset
0x0000000262bed000 	/System/Library/PrivateFrameworks/MLCompilerRuntime.framework/Versions/A/MLCompilerRuntime
0x000000019d289000 	/System/Library/Frameworks/MLCompute.framework/Versions/A/MLCompute
0x0000000262b6f000 	/System/Library/PrivateFrameworks/MLAssetIO.framework/Versions/A/MLAssetIO
0x0000000293425000 	/usr/lib/swift/libswiftMLCompute.dylib
0x00000001a8214000 	/System/Library/PrivateFrameworks/AVFCore.framework/Versions/A/AVFCore
0x00000001b1e4f000 	/System/Library/PrivateFrameworks/AVFCapture.framework/Versions/A/AVFCapture
0x00000002450bb000 	/System/Library/PrivateFrameworks/CMImaging.framework/Versions/A/CMImaging
0x00000001b2091000 	/System/Library/PrivateFrameworks/Quagga.framework/Versions/A/Quagga
0x00000001b21c2000 	/System/Library/PrivateFrameworks/CMCapture.framework/Versions/A/CMCapture
0x00000001a20a5000 	/System/Library/Frameworks/CoreMediaIO.framework/Versions/A/CoreMediaIO
0x0000000244ff6000 	/System/Library/PrivateFrameworks/CMCaptureDevice.framework/Versions/A/CMCaptureDevice
0x000000019fa71000 	/System/Library/PrivateFrameworks/CoreBrightness.framework/Versions/A/CoreBrightness
0x000000024617f000 	/System/Library/PrivateFrameworks/CinematicFraming.framework/Versions/A/CinematicFraming
0x0000000268a11000 	/System/Library/PrivateFrameworks/ModelManagerServices.framework/Versions/A/ModelManagerServices
0x00000001d63a9000 	/System/Library/PrivateFrameworks/CPMS.framework/Versions/A/CPMS
0x00000002805b5000 	/System/Library/PrivateFrameworks/SystemStatus.framework/Versions/A/SystemStatus
0x00000001ba270000 	/System/Library/Frameworks/CoreMotion.framework/Versions/A/CoreMotion
0x00000001ca888000 	/System/Library/PrivateFrameworks/TimeSync.framework/Versions/A/TimeSync
0x000000024eb75000 	/System/Library/PrivateFrameworks/DistributedSensing.framework/Versions/A/DistributedSensing
0x00000001c5c67000 	/System/Library/PrivateFrameworks/MobileBluetooth.framework/Versions/A/MobileBluetooth
0x00000001cc54c000 	/System/Library/PrivateFrameworks/IOKitten.framework/Versions/A/IOKitten
0x00000002422a4000 	/System/Library/PrivateFrameworks/AppleIntelligenceReporting.framework/Versions/A/AppleIntelligenceReporting
0x000000019cbd0000 	/System/Library/PrivateFrameworks/CoreEmoji.framework/Versions/A/CoreEmoji
0x000000018f459000 	/usr/lib/libCRFSuite.dylib
0x000000019073a000 	/System/Library/PrivateFrameworks/LanguageModeling.framework/Versions/A/LanguageModeling
0x000000019b8e2000 	/System/Library/PrivateFrameworks/CoreNLP.framework/Versions/A/CoreNLP
0x00000001956b7000 	/System/Library/PrivateFrameworks/Montreal.framework/Versions/A/Montreal
0x000000019dd44000 	/usr/lib/libcmph.dylib
0x000000019cf67000 	/usr/lib/libmecab.dylib
0x000000019deb5000 	/usr/lib/libThaiTokenizer.dylib
0x0000000259a17000 	/System/Library/PrivateFrameworks/GenerativeModelsFoundation.framework/Versions/A/GenerativeModelsFoundation
0x000000028338a000 	/System/Library/PrivateFrameworks/TokenGeneration.framework/Versions/A/TokenGeneration
0x00000002597eb000 	/System/Library/PrivateFrameworks/GenerativeFunctions.framework/Versions/A/GenerativeFunctions
0x0000000259839000 	/System/Library/PrivateFrameworks/GenerativeFunctionsFoundation.framework/Versions/A/GenerativeFunctionsFoundation
0x00000002686d2000 	/System/Library/PrivateFrameworks/ModelCatalog.framework/Versions/A/ModelCatalog
0x00000002758d6000 	/System/Library/PrivateFrameworks/SensitiveContentAnalysisML.framework/Versions/A/SensitiveContentAnalysisML
0x00000002598cf000 	/System/Library/PrivateFrameworks/GenerativeFunctionsInstrumentation.framework/Versions/A/GenerativeFunctionsInstrumentation
0x00000002726ff000 	/System/Library/PrivateFrameworks/PromptKit.framework/Versions/A/PromptKit
0x0000000272115000 	/System/Library/PrivateFrameworks/ProactiveDaemonSupport.framework/Versions/A/ProactiveDaemonSupport
0x00000002835c2000 	/System/Library/PrivateFrameworks/TokenGenerationCore.framework/Versions/A/TokenGenerationCore
0x00000001bc30f000 	/System/Library/PrivateFrameworks/Trial.framework/Versions/A/Trial
0x00000001bc290000 	/System/Library/PrivateFrameworks/TrialProto.framework/Versions/A/TrialProto
0x0000000241ece000 	/System/Library/PrivateFrameworks/AppleFlatBuffers.framework/Versions/A/AppleFlatBuffers
0x0000000275ba6000 	/System/Library/PrivateFrameworks/SentencePieceInternal.framework/Versions/A/SentencePieceInternal
0x00000001a67ae000 	/System/Library/Frameworks/Vision.framework/Versions/A/Vision
0x000000024d2cc000 	/System/Library/PrivateFrameworks/CoreSceneUnderstanding.framework/Versions/A/CoreSceneUnderstanding
0x0000000288213000 	/System/Library/PrivateFrameworks/VisionCore.framework/Versions/A/VisionCore
0x00000001c4bf5000 	/System/Library/Frameworks/Vision.framework/libfaceCore.dylib
0x00000001c570f000 	/System/Library/PrivateFrameworks/Futhark.framework/Versions/A/Futhark
0x00000001c965d000 	/System/Library/PrivateFrameworks/InertiaCam.framework/Versions/A/InertiaCam
0x00000001c549c000 	/System/Library/PrivateFrameworks/TextRecognition.framework/Versions/A/TextRecognition
0x000000019f4d2000 	/System/Library/PrivateFrameworks/CVNLP.framework/Versions/A/CVNLP
0x00000001e1d3d000 	/System/Library/PrivateFrameworks/HIDDisplay.framework/Versions/A/HIDDisplay
0x00000001a05cb000 	/System/Library/Frameworks/ApplicationServices.framework/Versions/A/Frameworks/ATSUI.framework/Versions/A/ATSUI
0x00000001a2289000 	/usr/lib/libcups.2.dylib
0x00000001a2320000 	/System/Library/Frameworks/Kerberos.framework/Versions/A/Kerberos
0x00000001a1f90000 	/usr/lib/libresolv.9.dylib
0x000000019f98c000 	/System/Library/PrivateFrameworks/Heimdal.framework/Versions/A/Heimdal
0x00000001ab134000 	/System/Library/Frameworks/Kerberos.framework/Versions/A/Libraries/libHeimdalProxy.dylib
0x00000001a2384000 	/System/Library/PrivateFrameworks/CommonAuth.framework/Versions/A/CommonAuth
0x00000001b4442000 	/System/Library/PrivateFrameworks/AXCoreUtilities.framework/Versions/A/AXCoreUtilities
0x0000000291835000 	/usr/lib/libAXSafeCategoryBundle.dylib
0x000000023c286000 	/System/Library/Frameworks/TabularData.framework/Versions/A/TabularData
0x0000000243151000 	/System/Library/PrivateFrameworks/ArgumentParserInternal.framework/Versions/A/ArgumentParserInternal
0x000000019ca92000 	/System/Library/Frameworks/Accelerate.framework/Versions/A/Frameworks/vecLib.framework/Versions/A/libvDSP.dylib
0x000000019e087000 	/System/Library/Frameworks/Accelerate.framework/Versions/A/Frameworks/vecLib.framework/Versions/A/libLAPACK.dylib
0x000000019cfc9000 	/System/Library/Frameworks/Accelerate.framework/Versions/A/Frameworks/vecLib.framework/Versions/A/libLinearAlgebra.dylib
0x000000019defb000 	/System/Library/Frameworks/Accelerate.framework/Versions/A/Frameworks/vecLib.framework/Versions/A/libSparseBLAS.dylib
0x000000019e082000 	/System/Library/Frameworks/Accelerate.framework/Versions/A/Frameworks/vecLib.framework/Versions/A/libQuadrature.dylib
0x000000019ba09000 	/System/Library/Frameworks/Accelerate.framework/Versions/A/Frameworks/vecLib.framework/Versions/A/libBNNS.dylib
0x000000018f255000 	/System/Library/Frameworks/Accelerate.framework/Versions/A/Frameworks/vecLib.framework/Versions/A/libSparse.dylib
0x00000001a22e8000 	/System/Library/PrivateFrameworks/NetAuth.framework/Versions/A/NetAuth
0x00000001988e8000 	/System/Library/PrivateFrameworks/login.framework/Versions/A/Frameworks/loginsupport.framework/Versions/A/loginsupport
0x000000019cf31000 	/usr/lib/libCheckFix.dylib
0x0000000197a6f000 	/System/Library/PrivateFrameworks/MetadataUtilities.framework/Versions/A/MetadataUtilities
0x000000025d9fb000 	/System/Library/PrivateFrameworks/InstalledContentLibrary.framework/Versions/A/InstalledContentLibrary
0x00000001921c6000 	/System/Library/PrivateFrameworks/CoreServicesStore.framework/Versions/A/CoreServicesStore
0x00000001cf1c6000 	/System/Library/PrivateFrameworks/MobileSystemServices.framework/Versions/A/MobileSystemServices
0x000000019f357000 	/usr/lib/libxslt.1.dylib
0x000000019cef0000 	/System/Library/PrivateFrameworks/BackgroundTaskManagement.framework/Versions/A/BackgroundTaskManagement
0x00000001aa7c6000 	/usr/lib/libcurl.4.dylib
0x000000029254b000 	/usr/lib/libcrypto.46.dylib
0x00000002930ce000 	/usr/lib/libssl.48.dylib
0x00000001aa4a0000 	/System/Library/Frameworks/LDAP.framework/Versions/A/LDAP
0x00000001aa4dc000 	/System/Library/PrivateFrameworks/TrustEvaluationAgent.framework/Versions/A/TrustEvaluationAgent
0x00000001a1fad000 	/usr/lib/libsasl2.2.dylib
0x00000001b8682000 	/usr/lib/swift/libswiftCoreGraphics.dylib
0x00000001a6e48000 	/usr/lib/swift/libswiftFoundation.dylib
0x00000001f2e66000 	/usr/lib/swift/libswiftSwiftOnoneSupport.dylib
0x000000029377c000 	/usr/lib/swift/libswiftsys_time.dylib
0x00000001dd9d3000 	/System/Library/PrivateFrameworks/CoreMaterial.framework/Versions/A/CoreMaterial
0x0000000291d32000 	/usr/lib/libSpatial.dylib
0x0000000291752000 	/System/Library/SubFrameworks/UIUtilities.framework/Versions/A/UIUtilities
0x0000000106f18000 	/Library/Java/JavaVirtualMachines/jdk-17.jdk/Contents/Home/lib/server/libjvm.dylib
0x0000000100dc0000 	/Library/Java/JavaVirtualMachines/jdk-17.jdk/Contents/Home/lib/libjimage.dylib
0x0000000100dec000 	/Library/Java/JavaVirtualMachines/jdk-17.jdk/Contents/Home/lib/libinstrument.dylib
0x0000000100e38000 	/Library/Java/JavaVirtualMachines/jdk-17.jdk/Contents/Home/lib/libjava.dylib
0x0000000100fb0000 	/Library/Java/JavaVirtualMachines/jdk-17.jdk/Contents/Home/lib/libzip.dylib
0x0000000100efc000 	/Library/Java/JavaVirtualMachines/jdk-17.jdk/Contents/Home/lib/libnio.dylib
0x0000000100fd8000 	/Library/Java/JavaVirtualMachines/jdk-17.jdk/Contents/Home/lib/libnet.dylib
0x0000000100f1c000 	/Library/Java/JavaVirtualMachines/jdk-17.jdk/Contents/Home/lib/libverify.dylib
0x0000000100e28000 	/Users/chenweilun/.gradle/native/1def1411415f61bf3af743bc5b6707747c0891f09f0c88961ee8f79bc544acac/osx-aarch64/libnative-platform.dylib
0x0000000106c84000 	/Users/chenweilun/.gradle/native/0.2.7/aarch64-macos/libgradle-fileevents.dylib
0x0000000106c00000 	/Library/Java/JavaVirtualMachines/jdk-17.jdk/Contents/Home/lib/libmanagement.dylib
0x0000000106c14000 	/Library/Java/JavaVirtualMachines/jdk-17.jdk/Contents/Home/lib/libmanagement_ext.dylib
0x0000000106c28000 	/Library/Java/JavaVirtualMachines/jdk-17.jdk/Contents/Home/lib/libextnet.dylib
0x0000000106c3c000 	/Library/Java/JavaVirtualMachines/jdk-17.jdk/Contents/Home/lib/librmi.dylib
0x0000000142d00000 	/Library/Java/JavaVirtualMachines/jdk-17.jdk/Contents/Home/lib/libawt.dylib
0x0000000106d78000 	/Library/Java/JavaVirtualMachines/jdk-17.jdk/Contents/Home/lib/libmlib_image.dylib
0x0000000237050000 	/System/Library/Frameworks/JavaRuntimeSupport.framework/Versions/A/JavaRuntimeSupport
0x00000001ba26f000 	/System/Library/Frameworks/Carbon.framework/Versions/A/Carbon
0x00000001afe62000 	/System/Library/Frameworks/Carbon.framework/Versions/A/Frameworks/CommonPanels.framework/Versions/A/CommonPanels
0x00000001aa7b1000 	/System/Library/Frameworks/Carbon.framework/Versions/A/Frameworks/Help.framework/Versions/A/Help
0x00000001afe66000 	/System/Library/Frameworks/Carbon.framework/Versions/A/Frameworks/ImageCapture.framework/Versions/A/ImageCapture
0x00000001afe41000 	/System/Library/Frameworks/Carbon.framework/Versions/A/Frameworks/OpenScripting.framework/Versions/A/OpenScripting
0x00000001afe61000 	/System/Library/Frameworks/Carbon.framework/Versions/A/Frameworks/Ink.framework/Versions/A/Ink
0x00000001afe5e000 	/System/Library/Frameworks/Carbon.framework/Versions/A/Frameworks/SecurityHI.framework/Versions/A/SecurityHI
0x0000000291ba5000 	/usr/lib/libInterpreterSecurity.dylib
0x00000001d0f45000 	/System/Library/PrivateFrameworks/XprotectFramework.framework/Versions/A/XprotectFramework
0x00000001b3853000 	/System/Library/PrivateFrameworks/yara.framework/Versions/A/yara
0x0000000291b22000 	/usr/lib/libEndpointSecuritySystem.dylib
0x0000000145120000 	/Library/Java/JavaVirtualMachines/jdk-17.jdk/Contents/Home/lib/libawt_lwawt.dylib
0x0000000106d08000 	/Library/Java/JavaVirtualMachines/jdk-17.jdk/Contents/Home/lib/libosxapp.dylib
0x00000001b86eb000 	/System/Library/Frameworks/ExceptionHandling.framework/Versions/A/ExceptionHandling
0x000000014546c000 	/Library/Java/JavaVirtualMachines/jdk-17.jdk/Contents/Home/lib/libfontmanager.dylib
0x0000000145244000 	/Library/Java/JavaVirtualMachines/jdk-17.jdk/Contents/Home/lib/libfreetype.dylib


VM Arguments:
jvm_args: --add-opens=java.base/java.lang=ALL-UNNAMED --add-opens=java.base/java.lang.invoke=ALL-UNNAMED --add-opens=java.base/java.util=ALL-UNNAMED --add-opens=java.prefs/java.util.prefs=ALL-UNNAMED --add-exports=jdk.compiler/com.sun.tools.javac.api=ALL-UNNAMED --add-exports=jdk.compiler/com.sun.tools.javac.util=ALL-UNNAMED --add-opens=java.base/java.util=ALL-UNNAMED --add-opens=java.prefs/java.util.prefs=ALL-UNNAMED --add-opens=java.base/java.nio.charset=ALL-UNNAMED --add-opens=java.base/java.net=ALL-UNNAMED --add-opens=java.base/java.util.concurrent.atomic=ALL-UNNAMED --add-opens=java.xml/javax.xml.namespace=ALL-UNNAMED -XX:+UseParallelGC -Xmx4g -Dfile.encoding=UTF-8 -Duser.country=CN -Duser.language=zh -Duser.variant -javaagent:/Users/chenweilun/.gradle/wrapper/dists/gradle-8.14.5-bin/690y85m0j9nfaub7xoiayko8a/gradle-8.14.5/lib/agents/gradle-instrumentation-agent-8.14.5.jar 
java_command: org.gradle.launcher.daemon.bootstrap.GradleDaemon 8.14.5
java_class_path (initial): /Users/chenweilun/.gradle/wrapper/dists/gradle-8.14.5-bin/690y85m0j9nfaub7xoiayko8a/gradle-8.14.5/lib/gradle-daemon-main-8.14.5.jar
Launcher Type: SUN_STANDARD

[Global flags]
     intx CICompilerCount                          = 4                                         {product} {ergonomic}
   size_t InitialHeapSize                          = 536870912                                 {product} {ergonomic}
   size_t MaxHeapSize                              = 4294967296                                {product} {command line}
   size_t MaxNewSize                               = 1431306240                                {product} {ergonomic}
   size_t MinHeapDeltaBytes                        = 524288                                    {product} {ergonomic}
   size_t MinHeapSize                              = 8388608                                   {product} {ergonomic}
   size_t NewSize                                  = 178782208                                 {product} {ergonomic}
    uintx NonNMethodCodeHeapSize                   = 5839564                                {pd product} {ergonomic}
    uintx NonProfiledCodeHeapSize                  = 122909338                              {pd product} {ergonomic}
   size_t OldSize                                  = 358088704                                 {product} {ergonomic}
    uintx ProfiledCodeHeapSize                     = 122909338                              {pd product} {ergonomic}
    uintx ReservedCodeCacheSize                    = 251658240                              {pd product} {ergonomic}
     bool SegmentedCodeCache                       = true                                      {product} {ergonomic}
   size_t SoftMaxHeapSize                          = 4294967296                             {manageable} {ergonomic}
     bool UseCompressedClassPointers               = true                           {product lp64_product} {ergonomic}
     bool UseCompressedOops                        = true                           {product lp64_product} {ergonomic}
     bool UseNUMA                                  = false                                     {product} {ergonomic}
     bool UseNUMAInterleaving                      = false                                     {product} {ergonomic}
     bool UseParallelGC                            = true                                      {product} {command line}

Logging:
Log output configuration:
 #0: stdout all=warning uptime,level,tags
 #1: stderr all=off uptime,level,tags

Environment Variables:
PATH=/Applications/ChatGPT.app/Contents/Resources/codex-cli/codex-path:/Users/chenweilun/.codeium/windsurf/bin:/opt/MonkeyDev/bin:/Users/chenweilun/.nvm/versions/node/v24.21.0/bin:/Users/chenweilun/.rvm/gems/ruby-3.0.0/bin:/Users/chenweilun/.rvm/gems/ruby-3.0.0@global/bin:/Users/chenweilun/.rvm/rubies/ruby-3.0.0/bin:/Library/Frameworks/Python.framework/Versions/3.10/bin:/opt/homebrew/bin:/opt/homebrew/sbin:/usr/local/bin:/System/Cryptexes/App/usr/bin:/usr/bin:/bin:/usr/sbin:/sbin:/var/run/com.apple.security.cryptexd/codex.system/bootstrap/usr/local/bin:/var/run/com.apple.security.cryptexd/codex.system/bootstrap/usr/bin:/var/run/com.apple.security.cryptexd/codex.system/bootstrap/usr/appleinternal/bin:/pkg/env/global/bin:/Library/Apple/usr/bin:/Users/chenweilun/.codex/tmp/arg0/codex-arg0b5lYHm:/Applications/ChatGPT.app/Contents/Resources/codex-cli/codex-path:/Users/chenweilun/.cache/codex-runtimes/codex-primary-runtime/dependencies/bin/override:/Users/chenweilun/.cache/codex-runtimes/codex-primary-runtime/dependencies/bin/fallback:/Applications/ChatGPT.app/Contents/Resources:/Applications/ChatGPT.app/Contents/Resources/codex-cli/CodexCLI.app/Contents/MacOS:/Users/chenweilun/.rvm/bin:/Users/chenweilun/.gem/ruby/3.0.0/bin:/Users/chenweilun/Workspace/apache-maven-3.9.9/bin:/Users/chenweilun/.rvm/bin
SHELL=/bin/zsh
LANG=C.UTF-8
LC_ALL=C.UTF-8
LC_CTYPE=C.UTF-8

Signal Handlers:
   SIGSEGV: crash_handler in libjvm.dylib, mask=11100110000111110111111111111111, flags=SA_RESTART|SA_SIGINFO
    SIGBUS: crash_handler in libjvm.dylib, mask=11100110000111110111111111111111, flags=SA_RESTART|SA_SIGINFO
    SIGFPE: crash_handler in libjvm.dylib, mask=11100110000111110111111111111111, flags=SA_RESTART|SA_SIGINFO
   SIGPIPE: javaSignalHandler in libjvm.dylib, mask=11100110000111110111111111111111, flags=SA_RESTART|SA_SIGINFO
   SIGXFSZ: javaSignalHandler in libjvm.dylib, mask=11100110000111110111111111111111, flags=SA_RESTART|SA_SIGINFO
    SIGILL: crash_handler in libjvm.dylib, mask=11100110000111110111111111111111, flags=SA_RESTART|SA_SIGINFO
   SIGUSR2: SR_handler in libjvm.dylib, mask=00100000000000000000000000000000, flags=SA_RESTART|SA_SIGINFO
    SIGHUP: UserHandler in libjvm.dylib, mask=11100110000111110111111111111111, flags=SA_RESTART|SA_SIGINFO
    SIGINT: UserHandler in libjvm.dylib, mask=11100110000111110111111111111111, flags=SA_RESTART|SA_SIGINFO
   SIGTERM: UserHandler in libjvm.dylib, mask=11100110000111110111111111111111, flags=SA_RESTART|SA_SIGINFO
   SIGQUIT: UserHandler in libjvm.dylib, mask=11100110000111110111111111111111, flags=SA_RESTART|SA_SIGINFO
   SIGTRAP: crash_handler in libjvm.dylib, mask=11100110000111110111111111111111, flags=SA_RESTART|SA_SIGINFO


---------------  S Y S T E M  ---------------

OS:
uname: Darwin 25.6.0 Darwin Kernel Version 25.6.0: Fri Jul 31 19:18:49 PDT 2026; root:xnu-12377.161.14~5/RELEASE_ARM64_T6000 arm64
OS uptime: 0 days 4:49 hours
rlimit (soft/hard): STACK 8176k/65520k , CORE 0k/infinity , NPROC 5333/8000 , NOFILE 10240/infinity , AS infinity/infinity , CPU infinity/infinity , DATA infinity/infinity , FSIZE infinity/infinity , MEMLOCK infinity/infinity , RSS infinity/infinity
load average: 11.83 11.39 9.91

CPU: total 10 (initial active 10) 0x61:0x0:0x1b588bb3:0, fp, simd, crc, lse

Memory: 16k page, physical 33554432k(119584k free), swap 0k(0k free)

vm_info: Java HotSpot(TM) 64-Bit Server VM (17.0.11+7-LTS-207) for bsd-aarch64 JRE (17.0.11+7-LTS-207), built on Mar 11 2024 17:57:39 by "mach5one" with clang Apple LLVM 12.0.0 (clang-1200.0.32.29)

END.
